[
{
    "model": "sessions.session",
    "pk": "457hz8xpjtp4h07dcy8wwsspbgop405j",
    "fields": {
        "session_data": ".eJxVjMsOwiAQAP-FsyFYlpdH734D2WVBqoYmpT0Z_92Q9KDXmcm8RcR9q3HveY0zi4vQ4vTLCNMztyH4ge2-yLS0bZ1JjkQetsvbwvl1Pdq_QcVex9aEs_ZEihRAsoVAMTp2yQScPISiEk3FFmJD6ItFYGtAJVCATusgPl_oYjf6:1w0bJu:AiZ1SqfK4taZ4tLSHSkzuJ-I6ROVK7DNqqgAlP4tz3E",
        "expire_date": "2026-03-26T08:23:02.188Z"
    }
},
{
    "model": "User.register",
    "fields": {
        "password": "pbkdf2_sha256$1200000$za2CxsDB4GuT70UoyXvUGv$FDyFDgxRSbDU/HihfbdW+ZCXGNMIlpA+xauEnMWTYl0=",
        "last_login": null,
        "is_superuser": false,
        "username": "adarsh.k",
        "first_name": "",
        "last_name": "",
        "email": "adarsh123@gamil.com",
        "is_staff": false,
        "is_active": true,
        "date_joined": "2026-03-10T11:27:08.977Z",
        "role": "customer",
        "is_veryfied": false,
        "groups": [],
        "user_permissions": []
    }
},
{
    "model": "User.register",
    "fields": {
        "password": "pbkdf2_sha256$1200000$gSojK42Aahv0vVynpXFyw2$VJlNSPVFE+YlavA0LkjosRTm1b9WNQ9jerNyociy61w=",
        "last_login": null,
        "is_superuser": false,
        "username": "Akash",
        "first_name": "",
        "last_name": "",
        "email": "akash12@gmail.com",
        "is_staff": false,
        "is_active": true,
        "date_joined": "2026-03-12T05:27:31.703Z",
        "role": "admin",
        "is_veryfied": true,
        "groups": [],
        "user_permissions": []
    }
},
{
    "model": "User.register",
    "fields": {
        "password": "pbkdf2_sha256$1200000$uCEqKVdn0tXz2UTZOZXnEV$SqdrhN8qlMKCKwL9u3vqKv32eUCHxEkOPkuJsNFt7wg=",
        "last_login": null,
        "is_superuser": false,
        "username": "jumana",
        "first_name": "",
        "last_name": "",
        "email": "jumanafathimaep@gmail.com",
        "is_staff": false,
        "is_active": true,
        "date_joined": "2026-03-12T10:17:53.444Z",
        "role": "customer",
        "is_veryfied": false,
        "groups": [],
        "user_permissions": []
    }
},
{
    "model": "User.register",
    "fields": {
        "password": "pbkdf2_sha256$1200000$ktKTNZT2wdb0ePWzWjbwGz$s1BCrPRJVUVDEf6ENKYIZ70tbSuDC0v2skAjdLHK59g=",
        "last_login": null,
        "is_superuser": false,
        "username": "adarsh",
        "first_name": "",
        "last_name": "",
        "email": "adarshaq08@gmail.com",
        "is_staff": false,
        "is_active": true,
        "date_joined": "2026-03-12T10:29:27.876Z",
        "role": "customer",
        "is_veryfied": true,
        "groups": [],
        "user_permissions": []
    }
},
{
    "model": "User.register",
    "fields": {
        "password": "pbkdf2_sha256$1200000$3HmTXzAdkKhDf8G26NO2Q1$cY67sH9Z+fOR9ayENj/ccy8rbj8BUX9237kGvmuzVCA=",
        "last_login": null,
        "is_superuser": false,
        "username": "Appu",
        "first_name": "",
        "last_name": "",
        "email": "adarshaq08@gmail.com",
        "is_staff": false,
        "is_active": true,
        "date_joined": "2026-03-14T05:33:53.898Z",
        "role": "provider",
        "is_veryfied": true,
        "groups": [],
        "user_permissions": []
    }
},
{
    "model": "User.register",
    "fields": {
        "password": "pbkdf2_sha256$1200000$EfftH5Xf0AaOwqHjSDfTCT$okO6my7vxra4IlRPT8S4nFyIfBuD3K52PNe4t07Pxow=",
        "last_login": null,
        "is_superuser": false,
        "username": "Ashin",
        "first_name": "",
        "last_name": "",
        "email": "adarshaq08@gmal.com",
        "is_staff": false,
        "is_active": true,
        "date_joined": "2026-03-16T06:46:02.147Z",
        "role": "customer",
        "is_veryfied": false,
        "groups": [],
        "user_permissions": []
    }
},
{
    "model": "User.register",
    "fields": {
        "password": "pbkdf2_sha256$1200000$LrrmzTZXGIcsncLZ72CuWZ$KxJZQsT7rYNdxUSPCmRqDZljpjV1LKcMmT+FKu0rQAM=",
        "last_login": null,
        "is_superuser": false,
        "username": "Babu",
        "first_name": "",
        "last_name": "",
        "email": "adarshaq75@gmail.com",
        "is_staff": false,
        "is_active": true,
        "date_joined": "2026-03-16T07:01:43.986Z",
        "role": "customer",
        "is_veryfied": true,
        "groups": [],
        "user_permissions": []
    }
},
{
    "model": "User.register",
    "fields": {
        "password": "pbkdf2_sha256$1200000$PuJ2NkvJaaC2kOgPxJHRBp$XKTZ8HwuktRTG5vWwu3xyss8jHE5QcIcmYmzcQTxL6U=",
        "last_login": null,
        "is_superuser": false,
        "username": "Jumana",
        "first_name": "",
        "last_name": "",
        "email": "jumanafathimaep@gmail.com",
        "is_staff": false,
        "is_active": true,
        "date_joined": "2026-03-16T07:03:46.873Z",
        "role": "customer",
        "is_veryfied": true,
        "groups": [],
        "user_permissions": []
    }
},
{
    "model": "User.register",
    "fields": {
        "password": "pbkdf2_sha256$1200000$TvYtfRUrU5NEFMfkN4g6qH$YrbjrkuKYKw3d2CVlcvz3FPYdMrg0o4g9Y/kseWSmm8=",
        "last_login": null,
        "is_superuser": false,
        "username": "Ansil",
        "first_name": "",
        "last_name": "",
        "email": "ansil5252@gmail.com",
        "is_staff": false,
        "is_active": true,
        "date_joined": "2026-03-25T05:23:45.099Z",
        "role": "customer",
        "is_veryfied": true,
        "groups": [],
        "user_permissions": []
    }
},
{
    "model": "User.register",
    "fields": {
        "password": "",
        "last_login": null,
        "is_superuser": false,
        "username": "adaadarsh750@gmail.com",
        "first_name": "Adarsh kuppoth",
        "last_name": "",
        "email": "adaadarsh750@gmail.com",
        "is_staff": false,
        "is_active": true,
        "date_joined": "2026-04-03T07:13:11.040Z",
        "role": "customer",
        "is_veryfied": true,
        "groups": [],
        "user_permissions": []
    }
},
{
    "model": "User.register",
    "fields": {
        "password": "pbkdf2_sha256$1200000$tprUit78roDQAJUh6v2M6B$egHdzYyQQ5hgH49y2fy2CEDAPoXPQHDPi6cD4FwyevU=",
        "last_login": null,
        "is_superuser": false,
        "username": "arjun_nair01",
        "first_name": "",
        "last_name": "",
        "email": "adaadarsh750@gmal.com",
        "is_staff": false,
        "is_active": true,
        "date_joined": "2026-04-08T06:17:22.324Z",
        "role": "provider",
        "is_veryfied": false,
        "groups": [],
        "user_permissions": []
    }
},
{
    "model": "User.register",
    "fields": {
        "password": "pbkdf2_sha256$1200000$4vHk8B9TjBF1aI6grDREyB$Z3b9OBPcvzKDt0ItzLEkylNUuN9ufQwOWOsrrCt7bM0=",
        "last_login": null,
        "is_superuser": false,
        "username": "rahul_menon02",
        "first_name": "",
        "last_name": "",
        "email": "adaadarsh750@gmail.com",
        "is_staff": false,
        "is_active": true,
        "date_joined": "2026-04-08T09:33:44.475Z",
        "role": "provider",
        "is_veryfied": false,
        "groups": [],
        "user_permissions": []
    }
},
{
    "model": "User.register",
    "fields": {
        "password": "pbkdf2_sha256$1200000$g5CDal19ngBJcOYNHDjtBI$0h6MxZauDFJW4XvdiatpnjnnrcH66QRgxykuBhh8oT8=",
        "last_login": null,
        "is_superuser": false,
        "username": "vishnu_kumar03",
        "first_name": "",
        "last_name": "",
        "email": "adaadarsh75@gmail.com",
        "is_staff": false,
        "is_active": true,
        "date_joined": "2026-04-08T12:36:59.005Z",
        "role": "provider",
        "is_veryfied": false,
        "groups": [],
        "user_permissions": []
    }
},
{
    "model": "User.register",
    "fields": {
        "password": "pbkdf2_sha256$1200000$XJFJROJr5iRXXKT3Kf0R2Q$Q3dcaOrSYgSFh0PRyz01QEzCSzmDn4Vpx1YrL8+QFJM=",
        "last_login": null,
        "is_superuser": false,
        "username": "ajith_varma04",
        "first_name": "",
        "last_name": "",
        "email": "adaadarsh750+1@gmail.com",
        "is_staff": false,
        "is_active": true,
        "date_joined": "2026-04-08T13:11:53.475Z",
        "role": "provider",
        "is_veryfied": false,
        "groups": [],
        "user_permissions": []
    }
},
{
    "model": "User.register",
    "fields": {
        "password": "pbkdf2_sha256$1200000$pkUbpidaH1kdMSt0kk0RLj$54lt6/ab2/rv6Il/Vh/wddgNMPU8tsmH5cEG9er/D2E=",
        "last_login": null,
        "is_superuser": false,
        "username": "sachin_pillai05",
        "first_name": "",
        "last_name": "",
        "email": "adaadarsh750+2@gmail.com",
        "is_staff": false,
        "is_active": true,
        "date_joined": "2026-04-08T13:11:53.946Z",
        "role": "provider",
        "is_veryfied": false,
        "groups": [],
        "user_permissions": []
    }
},
{
    "model": "User.register",
    "fields": {
        "password": "pbkdf2_sha256$1200000$uQqY644pXx9c3089mr0AZW$KuMttySgTuhOU2OAV17DBCzkku+4fSRjhXde4+3miTs=",
        "last_login": null,
        "is_superuser": false,
        "username": "nithin_das06",
        "first_name": "",
        "last_name": "",
        "email": "adaadarsh750+3@gmail.com",
        "is_staff": false,
        "is_active": true,
        "date_joined": "2026-04-08T13:11:54.354Z",
        "role": "provider",
        "is_veryfied": false,
        "groups": [],
        "user_permissions": []
    }
},
{
    "model": "User.register",
    "fields": {
        "password": "pbkdf2_sha256$1200000$PKo7CYxP5sH6GBzhmi6tQq$V3oXcM64OC9pRzmeAvxivq5Lf1Q84Pw+8YdsejinmIo=",
        "last_login": null,
        "is_superuser": false,
        "username": "akhil_krishna07",
        "first_name": "",
        "last_name": "",
        "email": "adaadarsh750+4@gmail.com",
        "is_staff": false,
        "is_active": true,
        "date_joined": "2026-04-08T13:11:54.742Z",
        "role": "provider",
        "is_veryfied": false,
        "groups": [],
        "user_permissions": []
    }
},
{
    "model": "User.register",
    "fields": {
        "password": "pbkdf2_sha256$1200000$wzJs5GirgmRAFz2rjqGjEw$la8ixggFcndE+epOLqqDQB+OhYrF3R5Qg5akSliHxZ4=",
        "last_login": null,
        "is_superuser": false,
        "username": "rohan_mathew08",
        "first_name": "",
        "last_name": "",
        "email": "adaadarsh750+5@gmail.com",
        "is_staff": false,
        "is_active": true,
        "date_joined": "2026-04-08T13:11:55.141Z",
        "role": "provider",
        "is_veryfied": false,
        "groups": [],
        "user_permissions": []
    }
},
{
    "model": "User.register",
    "fields": {
        "password": "pbkdf2_sha256$1200000$cKFHt9vZl1ThWIGFWXORPs$N5oHoPT5/CqxJcusOo2zPzVttgwMOiY2sexFMBytgc4=",
        "last_login": null,
        "is_superuser": false,
        "username": "deepak_naidu09",
        "first_name": "",
        "last_name": "",
        "email": "adaadarsh750+6@gmail.com",
        "is_staff": false,
        "is_active": true,
        "date_joined": "2026-04-08T13:11:55.537Z",
        "role": "provider",
        "is_veryfied": false,
        "groups": [],
        "user_permissions": []
    }
},
{
    "model": "User.register",
    "fields": {
        "password": "pbkdf2_sha256$1200000$1UJJnnz9qRsa5zttKrDSTC$yyzGug3i5cGc5x1/l8VZJe5O+jgbBbBbyOsSGqBVavM=",
        "last_login": null,
        "is_superuser": false,
        "username": "manoj_kumar10",
        "first_name": "",
        "last_name": "",
        "email": "adaadarsh750+7@gmail.com",
        "is_staff": false,
        "is_active": true,
        "date_joined": "2026-04-08T13:11:55.921Z",
        "role": "provider",
        "is_veryfied": false,
        "groups": [],
        "user_permissions": []
    }
},
{
    "model": "User.register",
    "fields": {
        "password": "pbkdf2_sha256$1200000$pNh5mrcMtvoqWHqQFuIN8t$FQKDhjZ57mj83+rhdjs386FYYKJ/9GgK1sRltUy8038=",
        "last_login": null,
        "is_superuser": false,
        "username": "sandeep_reddy11",
        "first_name": "",
        "last_name": "",
        "email": "adaadarsh750+8@gmail.com",
        "is_staff": false,
        "is_active": true,
        "date_joined": "2026-04-08T13:11:56.305Z",
        "role": "provider",
        "is_veryfied": false,
        "groups": [],
        "user_permissions": []
    }
},
{
    "model": "User.register",
    "fields": {
        "password": "pbkdf2_sha256$1200000$OMS39jkCeVp2mcNORvjLZU$g0RnngdTP3UdOFNdOBh5HY4PHaAAf80/gQtlPaT3t/o=",
        "last_login": null,
        "is_superuser": false,
        "username": "kiran_jose12",
        "first_name": "",
        "last_name": "",
        "email": "adaadarsh750+9@gmail.com",
        "is_staff": false,
        "is_active": true,
        "date_joined": "2026-04-08T13:11:56.704Z",
        "role": "provider",
        "is_veryfied": false,
        "groups": [],
        "user_permissions": []
    }
},
{
    "model": "User.register",
    "fields": {
        "password": "pbkdf2_sha256$1200000$z1bdKzkby1QYdGpN4MkOxr$vVhD2uxEPuh8LExKNsyvSRaFNJ8LauqV4PGaL5/udwg=",
        "last_login": null,
        "is_superuser": false,
        "username": "anil_varghese13",
        "first_name": "",
        "last_name": "",
        "email": "adaadarsh750+10@gmail.com",
        "is_staff": false,
        "is_active": true,
        "date_joined": "2026-04-08T13:11:57.093Z",
        "role": "provider",
        "is_veryfied": false,
        "groups": [],
        "user_permissions": []
    }
},
{
    "model": "User.register",
    "fields": {
        "password": "pbkdf2_sha256$1200000$EPLe9MIYgmKVeEK9P94Qmf$mUECPRcy8FbbQ2Dge9IPOAWzuh00VRxFdZEI3XtDhLo=",
        "last_login": null,
        "is_superuser": false,
        "username": "praveen_nair14",
        "first_name": "",
        "last_name": "",
        "email": "adaadarsh750+11@gmail.com",
        "is_staff": false,
        "is_active": true,
        "date_joined": "2026-04-08T13:11:57.494Z",
        "role": "provider",
        "is_veryfied": false,
        "groups": [],
        "user_permissions": []
    }
},
{
    "model": "User.register",
    "fields": {
        "password": "pbkdf2_sha256$1200000$ndMaAQvTeJjxK7mqtXGPVF$RoVTPnVLJFzzSGCcjgaj59eQIcsbs1uXo9Zrl5NRVqM=",
        "last_login": null,
        "is_superuser": false,
        "username": "hari_krishnan15",
        "first_name": "",
        "last_name": "",
        "email": "adaadarsh750+12@gmail.com",
        "is_staff": false,
        "is_active": true,
        "date_joined": "2026-04-08T13:11:57.885Z",
        "role": "provider",
        "is_veryfied": false,
        "groups": [],
        "user_permissions": []
    }
},
{
    "model": "User.register",
    "fields": {
        "password": "pbkdf2_sha256$1200000$De64JzDj6QD27bD6HpxbHn$xeaTQBJZPbAXSUnFAOEAEKLfoZGI8ICOTIA3EgojHZc=",
        "last_login": null,
        "is_superuser": false,
        "username": "abin_thomas16",
        "first_name": "",
        "last_name": "",
        "email": "adaadarsh750+13@gmail.com",
        "is_staff": false,
        "is_active": true,
        "date_joined": "2026-04-08T13:11:58.281Z",
        "role": "provider",
        "is_veryfied": false,
        "groups": [],
        "user_permissions": []
    }
},
{
    "model": "User.register",
    "fields": {
        "password": "pbkdf2_sha256$1200000$S8Q1JIDjvDtbvw1rz9YCS6$ddcfjqx/x/n+mjWPy0Y6pxBOjWhg7696nByf1VXFO00=",
        "last_login": null,
        "is_superuser": false,
        "username": "jithin_babu17",
        "first_name": "",
        "last_name": "",
        "email": "adaadarsh750+14@gmail.com",
        "is_staff": false,
        "is_active": true,
        "date_joined": "2026-04-08T13:11:58.678Z",
        "role": "provider",
        "is_veryfied": false,
        "groups": [],
        "user_permissions": []
    }
},
{
    "model": "User.register",
    "fields": {
        "password": "pbkdf2_sha256$1200000$Kd50o9vUt3Q0owmHLf57pY$tk9NLjvVSipSrslC8HAfGLkrY+WD8+Ou+gONpNAKD+w=",
        "last_login": null,
        "is_superuser": false,
        "username": "naveen_raj18",
        "first_name": "",
        "last_name": "",
        "email": "adaadarsh750+15@gmail.com",
        "is_staff": false,
        "is_active": true,
        "date_joined": "2026-04-08T13:11:59.075Z",
        "role": "provider",
        "is_veryfied": false,
        "groups": [],
        "user_permissions": []
    }
},
{
    "model": "User.register",
    "fields": {
        "password": "pbkdf2_sha256$1200000$jdYu7HNg3qXXUEyvDVTaNz$wzcOZ70XYHYNy95Mqh2tq80JQa2TDJeXVH1sKAKUxDo=",
        "last_login": null,
        "is_superuser": false,
        "username": "vimal_kumar19",
        "first_name": "",
        "last_name": "",
        "email": "adaadarsh750+16@gmail.com",
        "is_staff": false,
        "is_active": true,
        "date_joined": "2026-04-08T13:11:59.471Z",
        "role": "provider",
        "is_veryfied": false,
        "groups": [],
        "user_permissions": []
    }
},
{
    "model": "User.register",
    "fields": {
        "password": "pbkdf2_sha256$1200000$V4rqygPRqrEWO3lIeQjpEd$5E7o/mXPTYDEj4xRusQ0aw/db2uQo4ICdmTDwwom5V4=",
        "last_login": null,
        "is_superuser": false,
        "username": "aravind_pillai20",
        "first_name": "",
        "last_name": "",
        "email": "adaadarsh750+17@gmail.com",
        "is_staff": false,
        "is_active": true,
        "date_joined": "2026-04-08T13:11:59.857Z",
        "role": "provider",
        "is_veryfied": false,
        "groups": [],
        "user_permissions": []
    }
},
{
    "model": "User.register",
    "fields": {
        "password": "pbkdf2_sha256$1200000$NxN4QdYj9jsL1Tzyqluklb$Sl/4YVGNYwEydYPYxziwbSZLxOG9y/Hb4EpgK4sOBHc=",
        "last_login": null,
        "is_superuser": false,
        "username": "shyam_mohan21",
        "first_name": "",
        "last_name": "",
        "email": "adaadarsh750+18@gmail.com",
        "is_staff": false,
        "is_active": true,
        "date_joined": "2026-04-08T13:12:00.261Z",
        "role": "provider",
        "is_veryfied": false,
        "groups": [],
        "user_permissions": []
    }
},
{
    "model": "User.register",
    "fields": {
        "password": "pbkdf2_sha256$1200000$XoUH0VnOVqVWrtyzmoF5bo$Oqy4Ap+VXC17krjCN4w8BUvXNcS7oYSM6RmAZvgHieg=",
        "last_login": null,
        "is_superuser": false,
        "username": "rahul_raj22",
        "first_name": "",
        "last_name": "",
        "email": "adaadarsh750+19@gmail.com",
        "is_staff": false,
        "is_active": true,
        "date_joined": "2026-04-08T13:12:00.689Z",
        "role": "provider",
        "is_veryfied": false,
        "groups": [],
        "user_permissions": []
    }
},
{
    "model": "User.register",
    "fields": {
        "password": "pbkdf2_sha256$1200000$6aT6uxa6K4I9hGOOvRhGI0$iWNwb6sc97EX+5BWewjWd6fM8XjGHhUgfEfqtGFbkRY=",
        "last_login": null,
        "is_superuser": false,
        "username": "dinesh_kumar23",
        "first_name": "",
        "last_name": "",
        "email": "adaadarsh750+20@gmail.com",
        "is_staff": false,
        "is_active": true,
        "date_joined": "2026-04-08T13:12:01.077Z",
        "role": "provider",
        "is_veryfied": false,
        "groups": [],
        "user_permissions": []
    }
},
{
    "model": "User.register",
    "fields": {
        "password": "pbkdf2_sha256$1200000$EhInx4uv01gzA2s9XerR50$NPq2wKkHkhYVr8cIAOBWNR/rfLHAGpqSkSRPW7Wd9mg=",
        "last_login": null,
        "is_superuser": false,
        "username": "ajay_nair24",
        "first_name": "",
        "last_name": "",
        "email": "adaadarsh750+21@gmail.com",
        "is_staff": false,
        "is_active": true,
        "date_joined": "2026-04-08T13:12:01.485Z",
        "role": "provider",
        "is_veryfied": false,
        "groups": [],
        "user_permissions": []
    }
},
{
    "model": "User.register",
    "fields": {
        "password": "pbkdf2_sha256$1200000$2aTIHRGLQGe7UCkVSJa6He$5qNssAtJh6AKTJldSLhMJqAuVbAy8XXiFKtbPkhZoH0=",
        "last_login": null,
        "is_superuser": false,
        "username": "vivek_suresh25",
        "first_name": "",
        "last_name": "",
        "email": "adaadarsh750+22@gmail.com",
        "is_staff": false,
        "is_active": true,
        "date_joined": "2026-04-08T13:12:01.893Z",
        "role": "provider",
        "is_veryfied": false,
        "groups": [],
        "user_permissions": []
    }
},
{
    "model": "User.register",
    "fields": {
        "password": "pbkdf2_sha256$1200000$zgSF48AqdRHAwYfQrt7p10$mrh23rHHGmPZbTNFVUd73hTpwF4nEjZ6xf2NYyOhgxI=",
        "last_login": null,
        "is_superuser": false,
        "username": "anoop_jose26",
        "first_name": "",
        "last_name": "",
        "email": "adaadarsh750+23@gmail.com",
        "is_staff": false,
        "is_active": true,
        "date_joined": "2026-04-08T13:12:02.278Z",
        "role": "provider",
        "is_veryfied": false,
        "groups": [],
        "user_permissions": []
    }
},
{
    "model": "User.register",
    "fields": {
        "password": "pbkdf2_sha256$1200000$V995h35ZUj6bsZyk5L4wGm$cQ6HLjdMnvNVozAGvp9L2xOVrfh79OrfRQHw6HAzq0s=",
        "last_login": null,
        "is_superuser": false,
        "username": "basil_mathew27",
        "first_name": "",
        "last_name": "",
        "email": "adaadarsh750+24@gmail.com",
        "is_staff": false,
        "is_active": true,
        "date_joined": "2026-04-08T13:12:02.669Z",
        "role": "provider",
        "is_veryfied": false,
        "groups": [],
        "user_permissions": []
    }
},
{
    "model": "User.register",
    "fields": {
        "password": "pbkdf2_sha256$1200000$UPeVy1xUndeIQ2JYQShZys$DWDPC3RNB0/DoEt5DR7MSMgn/s3J600IAKlj/ABvotk=",
        "last_login": null,
        "is_superuser": false,
        "username": "santhosh_kumar28",
        "first_name": "",
        "last_name": "",
        "email": "adaadarsh750+25@gmail.com",
        "is_staff": false,
        "is_active": true,
        "date_joined": "2026-04-08T13:12:03.066Z",
        "role": "provider",
        "is_veryfied": false,
        "groups": [],
        "user_permissions": []
    }
},
{
    "model": "User.register",
    "fields": {
        "password": "pbkdf2_sha256$1200000$4dukkk5i7y3Be1BFBbow9T$EsoFBxrn34/3WQ3ijN/dVt/X9Xa22HmyReJpOvArebo=",
        "last_login": null,
        "is_superuser": false,
        "username": "arun_babu29",
        "first_name": "",
        "last_name": "",
        "email": "adaadarsh750+26@gmail.com",
        "is_staff": false,
        "is_active": true,
        "date_joined": "2026-04-08T13:12:03.459Z",
        "role": "provider",
        "is_veryfied": false,
        "groups": [],
        "user_permissions": []
    }
},
{
    "model": "User.register",
    "fields": {
        "password": "pbkdf2_sha256$1200000$8gZ2iAG32a8HXfdulOzFnw$onycfjHbCgB8zpeBHipdhe03nLTsIYZ11au96EPYpnM=",
        "last_login": null,
        "is_superuser": false,
        "username": "riju_varghese30",
        "first_name": "",
        "last_name": "",
        "email": "adaadarsh750+27@gmail.com",
        "is_staff": false,
        "is_active": true,
        "date_joined": "2026-04-08T13:12:03.859Z",
        "role": "provider",
        "is_veryfied": false,
        "groups": [],
        "user_permissions": []
    }
},
{
    "model": "User.register",
    "fields": {
        "password": "pbkdf2_sha256$1200000$NsxR4SQE2MK6ZPreSZukBZ$L20XdgvRkEXjzE2C2apG11y6h5qpRhz+qE1Am4lbP40=",
        "last_login": null,
        "is_superuser": false,
        "username": "melvin_thomas31",
        "first_name": "",
        "last_name": "",
        "email": "adaadarsh750+28@gmail.com",
        "is_staff": false,
        "is_active": true,
        "date_joined": "2026-04-08T13:12:04.251Z",
        "role": "provider",
        "is_veryfied": false,
        "groups": [],
        "user_permissions": []
    }
},
{
    "model": "User.register",
    "fields": {
        "password": "pbkdf2_sha256$1200000$xCSMQnfwFYHcZ7NEXJ0mam$Q1NdlPoAvc/J3Zc/hLFQ4OSbwDjmSZznJmvST2pKIGg=",
        "last_login": null,
        "is_superuser": false,
        "username": "anish_kumar32",
        "first_name": "",
        "last_name": "",
        "email": "adaadarsh750+29@gmail.com",
        "is_staff": false,
        "is_active": true,
        "date_joined": "2026-04-08T13:12:04.654Z",
        "role": "provider",
        "is_veryfied": false,
        "groups": [],
        "user_permissions": []
    }
},
{
    "model": "User.register",
    "fields": {
        "password": "pbkdf2_sha256$1200000$N1F7FRpLuazbScyu08yyE3$q28F1kSRiupIC08e2LdA1O2lC9o6rD2iVJIjYL7FFl4=",
        "last_login": null,
        "is_superuser": false,
        "username": "joseph_george33",
        "first_name": "",
        "last_name": "",
        "email": "adaadarsh750+30@gmail.com",
        "is_staff": false,
        "is_active": true,
        "date_joined": "2026-04-08T13:12:05.060Z",
        "role": "provider",
        "is_veryfied": false,
        "groups": [],
        "user_permissions": []
    }
},
{
    "model": "User.register",
    "fields": {
        "password": "pbkdf2_sha256$1200000$Ea82UysMG6dxYW4zHB1KlG$7Sy3Z7ibAtz+3aBEgpPQ8z5McyGIjxOJ5C2DW5svlT8=",
        "last_login": null,
        "is_superuser": false,
        "username": "albin_jose34",
        "first_name": "",
        "last_name": "",
        "email": "adaadarsh750+31@gmail.com",
        "is_staff": false,
        "is_active": true,
        "date_joined": "2026-04-08T13:12:05.457Z",
        "role": "provider",
        "is_veryfied": false,
        "groups": [],
        "user_permissions": []
    }
},
{
    "model": "User.register",
    "fields": {
        "password": "pbkdf2_sha256$1200000$V3fAv3pX1S9e3A2aIwHYnV$m9UZrFAO0Kab8AQlkLzglXA/3Rsu09uOEJSOB8MKVX8=",
        "last_login": null,
        "is_superuser": false,
        "username": "tharun_krishna35",
        "first_name": "",
        "last_name": "",
        "email": "adaadarsh750+32@gmail.com",
        "is_staff": false,
        "is_active": true,
        "date_joined": "2026-04-08T13:12:05.849Z",
        "role": "provider",
        "is_veryfied": false,
        "groups": [],
        "user_permissions": []
    }
},
{
    "model": "User.register",
    "fields": {
        "password": "pbkdf2_sha256$1200000$dSJZfFiFPPe3V0jW0la5pI$+EO7Lq+IsJiExXQgKFfnN1/pRhxRXDwDhm+W193OOo8=",
        "last_login": null,
        "is_superuser": false,
        "username": "vignesh_nair36",
        "first_name": "",
        "last_name": "",
        "email": "adaadarsh750+33@gmail.com",
        "is_staff": false,
        "is_active": true,
        "date_joined": "2026-04-08T13:12:06.247Z",
        "role": "provider",
        "is_veryfied": false,
        "groups": [],
        "user_permissions": []
    }
},
{
    "model": "User.register",
    "fields": {
        "password": "pbkdf2_sha256$1200000$MpEPSP2aKQ0WM5WOnHZmYa$OeypgIYGYN48lJJUkqJ8OHdakhvlfofxeCulAPuLvjE=",
        "last_login": null,
        "is_superuser": false,
        "username": "libin_mathew37",
        "first_name": "",
        "last_name": "",
        "email": "adaadarsh750+34@gmail.com",
        "is_staff": false,
        "is_active": true,
        "date_joined": "2026-04-08T13:12:06.625Z",
        "role": "provider",
        "is_veryfied": false,
        "groups": [],
        "user_permissions": []
    }
},
{
    "model": "User.register",
    "fields": {
        "password": "pbkdf2_sha256$1200000$G4KoIpyjWVqUk59GlobZPw$vESC5ZLFfY0eIHMvw+ZPErmygJ5vQmRG206xihjtWrc=",
        "last_login": null,
        "is_superuser": false,
        "username": "gokul_das38",
        "first_name": "",
        "last_name": "",
        "email": "adaadarsh750+35@gmail.com",
        "is_staff": false,
        "is_active": true,
        "date_joined": "2026-04-08T13:12:07.030Z",
        "role": "provider",
        "is_veryfied": false,
        "groups": [],
        "user_permissions": []
    }
},
{
    "model": "User.register",
    "fields": {
        "password": "pbkdf2_sha256$1200000$5E6FIomlVmiOZ5LBMk7k7u$LrxlenC4wIKa0Wu3fCpvMMh29IdN3+IxhUem3oCjQMM=",
        "last_login": null,
        "is_superuser": false,
        "username": "nivin_varghese39",
        "first_name": "",
        "last_name": "",
        "email": "adaadarsh750+36@gmail.com",
        "is_staff": false,
        "is_active": true,
        "date_joined": "2026-04-08T13:12:07.439Z",
        "role": "provider",
        "is_veryfied": false,
        "groups": [],
        "user_permissions": []
    }
},
{
    "model": "User.register",
    "fields": {
        "password": "pbkdf2_sha256$1200000$hBAyqHJ6gebWGZWfxUhwuq$ME0CSTlXbupHl+8WQTWrcf2JT2RkxArPEYnkaqQX8Vs=",
        "last_login": null,
        "is_superuser": false,
        "username": "febin_thomas40",
        "first_name": "",
        "last_name": "",
        "email": "adaadarsh750+37@gmail.com",
        "is_staff": false,
        "is_active": true,
        "date_joined": "2026-04-08T13:12:07.842Z",
        "role": "provider",
        "is_veryfied": false,
        "groups": [],
        "user_permissions": []
    }
},
{
    "model": "User.register",
    "fields": {
        "password": "pbkdf2_sha256$1200000$NkZVC1COgrBaM3TU51pFOg$UwngDPJrQJTLJ8vPevRunW05AdJjKyLoeJidG9X+2jc=",
        "last_login": null,
        "is_superuser": false,
        "username": "daddy",
        "first_name": "",
        "last_name": "",
        "email": "adarshaq75@gmail.com",
        "is_staff": false,
        "is_active": true,
        "date_joined": "2026-04-11T09:50:06.181Z",
        "role": "customer",
        "is_veryfied": false,
        "groups": [],
        "user_permissions": []
    }
},
{
    "model": "User.register",
    "fields": {
        "password": "pbkdf2_sha256$1200000$c0VdeVYX2Nr9iBcZtLZnDX$6ugZJ6AkL8veN40Y+bX0aqcp9ka3xU9+Xbc+/OHtvMc=",
        "last_login": null,
        "is_superuser": false,
        "username": "raju_bahi",
        "first_name": "",
        "last_name": "",
        "email": "adarshaq08@gmail.com",
        "is_staff": false,
        "is_active": true,
        "date_joined": "2026-04-11T10:23:49.063Z",
        "role": "customer",
        "is_veryfied": false,
        "groups": [],
        "user_permissions": []
    }
},
{
    "model": "User.register",
    "fields": {
        "password": "pbkdf2_sha256$1200000$0VjHNfo9LsJ8YVTEFf16Zc$lEYS2xx7xHIdB5Lgpq84J4AioarHjAWU8jVWlYEa65w=",
        "last_login": null,
        "is_superuser": false,
        "username": "shibu",
        "first_name": "",
        "last_name": "",
        "email": "shibu123@gmail.com",
        "is_staff": false,
        "is_active": true,
        "date_joined": "2026-04-16T12:29:17.774Z",
        "role": "customer",
        "is_veryfied": false,
        "groups": [],
        "user_permissions": []
    }
},
{
    "model": "User.register",
    "fields": {
        "password": "pbkdf2_sha256$1200000$5erc21MotPpNdeh931WTpo$jpoykmVmAEpRr5r92I6U0BsKYd3GTa26MbAwVJoISyw=",
        "last_login": null,
        "is_superuser": false,
        "username": "Adarsh",
        "first_name": "",
        "last_name": "",
        "email": "adarshaq75@gmail.com",
        "is_staff": false,
        "is_active": true,
        "date_joined": "2026-04-18T07:24:56.126Z",
        "role": "admin",
        "is_veryfied": false,
        "groups": [],
        "user_permissions": []
    }
},
{
    "model": "User.userprofile",
    "pk": 3,
    "fields": {
        "user": [
            "adarsh"
        ],
        "phone": "1324324353",
        "address": "manjeri",
        "id_card": "",
        "is_id_verified": false,
        "pincode": "679328",
        "latitude": null,
        "longitude": null,
        "is_online": false,
        "last_seen": null,
        "bio": ""
    }
},
{
    "model": "User.userprofile",
    "pk": 4,
    "fields": {
        "user": [
            "Ansil"
        ],
        "phone": "1321413243",
        "address": "Manjeri",
        "id_card": "",
        "is_id_verified": false,
        "pincode": "676121",
        "latitude": 11.118927,
        "longitude": 76.112548,
        "is_online": false,
        "last_seen": "2026-04-21T04:06:40.425Z",
        "bio": "provider_profiles/logo_only.png"
    }
},
{
    "model": "User.userprofile",
    "pk": 5,
    "fields": {
        "user": [
            "Appu"
        ],
        "phone": "1232324324",
        "address": "calicut",
        "id_card": "id_cards/Drf.png",
        "is_id_verified": true,
        "pincode": "679328",
        "latitude": 11.119326565383577,
        "longitude": 76.11187283708067,
        "is_online": true,
        "last_seen": "2026-04-18T10:59:00.334Z",
        "bio": "provider_profiles/wifi.jpg"
    }
},
{
    "model": "User.userprofile",
    "pk": 6,
    "fields": {
        "user": [
            "arjun_nair01"
        ],
        "phone": "1234567891",
        "address": "House No 12, MG Road, Kochi, Kerala",
        "id_card": "id_cards/employee_ID_design.png",
        "is_id_verified": false,
        "pincode": "12345",
        "latitude": 11.119333906147348,
        "longitude": 76.11189317277373,
        "is_online": false,
        "last_seen": null,
        "bio": ""
    }
},
{
    "model": "User.userprofile",
    "pk": 7,
    "fields": {
        "user": [
            "rahul_menon02"
        ],
        "phone": "1234567891",
        "address": "Green Villa, Kakkanad, Kochi, Kerala",
        "id_card": "id_cards/employee_ID_design_Yu0vDJf.png",
        "is_id_verified": false,
        "pincode": "12345",
        "latitude": 11.11940239767523,
        "longitude": 76.11167941967523,
        "is_online": false,
        "last_seen": null,
        "bio": ""
    }
},
{
    "model": "User.userprofile",
    "pk": 8,
    "fields": {
        "user": [
            "vishnu_kumar03"
        ],
        "phone": "12345678912",
        "address": "Lakshmi Nivas, Aluva, Kerala",
        "id_card": "id_cards/employee_ID_design_1Z5K6Hh.png",
        "is_id_verified": false,
        "pincode": "123455",
        "latitude": 9.8352,
        "longitude": 77.0674,
        "is_online": false,
        "last_seen": null,
        "bio": ""
    }
},
{
    "model": "User.userprofile",
    "pk": 9,
    "fields": {
        "user": [
            "ajith_varma04"
        ],
        "phone": "999990001",
        "address": "Rose Cottage, Edappally, Kochi, Kerala",
        "id_card": "id_cards/employee_ID_design_VIGGKqa.png",
        "is_id_verified": false,
        "pincode": "683100",
        "latitude": 9.8352,
        "longitude": 77.0674,
        "is_online": false,
        "last_seen": null,
        "bio": ""
    }
},
{
    "model": "User.userprofile",
    "pk": 10,
    "fields": {
        "user": [
            "sachin_pillai05"
        ],
        "phone": "999990002",
        "address": "Sree Bhavan, Thrippunithura, Kerala",
        "id_card": "id_cards/employee_ID_design_az9Ww2i.png",
        "is_id_verified": false,
        "pincode": "683101",
        "latitude": 9.8352,
        "longitude": 77.0674,
        "is_online": false,
        "last_seen": null,
        "bio": ""
    }
},
{
    "model": "User.userprofile",
    "pk": 11,
    "fields": {
        "user": [
            "nithin_das06"
        ],
        "phone": "999990003",
        "address": "Blue Moon House, Kalamassery, Kerala",
        "id_card": "id_cards/employee_ID_design_JYPNEex.png",
        "is_id_verified": false,
        "pincode": "683102",
        "latitude": 9.8352,
        "longitude": 77.0674,
        "is_online": false,
        "last_seen": null,
        "bio": ""
    }
},
{
    "model": "User.userprofile",
    "pk": 12,
    "fields": {
        "user": [
            "akhil_krishna07"
        ],
        "phone": "999990004",
        "address": "Anugraha, Angamaly, Kerala",
        "id_card": "id_cards/employee_ID_design_B1Bo3Xt.png",
        "is_id_verified": false,
        "pincode": "683103",
        "latitude": 9.8352,
        "longitude": 77.0674,
        "is_online": false,
        "last_seen": null,
        "bio": ""
    }
},
{
    "model": "User.userprofile",
    "pk": 13,
    "fields": {
        "user": [
            "rohan_mathew08"
        ],
        "phone": "999990005",
        "address": "Krishna Kripa, Perumbavoor, Kerala",
        "id_card": "id_cards/employee_ID_design_JXSA09J.png",
        "is_id_verified": false,
        "pincode": "683104",
        "latitude": 11.119257586080986,
        "longitude": 76.11203099346012,
        "is_online": false,
        "last_seen": null,
        "bio": ""
    }
},
{
    "model": "User.userprofile",
    "pk": 14,
    "fields": {
        "user": [
            "deepak_naidu09"
        ],
        "phone": "999990006",
        "address": "Sunshine Villa, Vyttila, Kochi, Kerala",
        "id_card": "id_cards/employee_ID_design_xB2LP8b.png",
        "is_id_verified": false,
        "pincode": "683105",
        "latitude": 11.119257586080986,
        "longitude": 76.11203099346012,
        "is_online": false,
        "last_seen": null,
        "bio": ""
    }
},
{
    "model": "User.userprofile",
    "pk": 15,
    "fields": {
        "user": [
            "manoj_kumar10"
        ],
        "phone": "999990007",
        "address": "Devi Nivas, Palarivattom, Kochi, Kerala",
        "id_card": "id_cards/employee_ID_design_AwOQDol.png",
        "is_id_verified": false,
        "pincode": "683106",
        "latitude": 11.119257586080986,
        "longitude": 76.11203099346012,
        "is_online": false,
        "last_seen": null,
        "bio": ""
    }
},
{
    "model": "User.userprofile",
    "pk": 16,
    "fields": {
        "user": [
            "sandeep_reddy11"
        ],
        "phone": "999990008",
        "address": "River View House, North Paravur, Kerala",
        "id_card": "id_cards/employee_ID_design_OorYGMy.png",
        "is_id_verified": false,
        "pincode": "683107",
        "latitude": 11.119257586080986,
        "longitude": 76.11203099346012,
        "is_online": false,
        "last_seen": null,
        "bio": ""
    }
},
{
    "model": "User.userprofile",
    "pk": 17,
    "fields": {
        "user": [
            "kiran_jose12"
        ],
        "phone": "999990009",
        "address": "Hill Top Villa, Munnar Road, Kerala",
        "id_card": "id_cards/employee_ID_design_77MRZrk.png",
        "is_id_verified": false,
        "pincode": "683108",
        "latitude": 11.119257586080986,
        "longitude": 76.11203099346012,
        "is_online": false,
        "last_seen": null,
        "bio": ""
    }
},
{
    "model": "User.userprofile",
    "pk": 18,
    "fields": {
        "user": [
            "anil_varghese13"
        ],
        "phone": "999990010",
        "address": "Sagarika House, Fort Kochi, Kerala",
        "id_card": "id_cards/employee_ID_design_s1UDz92.png",
        "is_id_verified": false,
        "pincode": "683109",
        "latitude": 11.119257586080986,
        "longitude": 76.11203099346012,
        "is_online": false,
        "last_seen": null,
        "bio": ""
    }
},
{
    "model": "User.userprofile",
    "pk": 19,
    "fields": {
        "user": [
            "praveen_nair14"
        ],
        "phone": "999990011",
        "address": "Golden Nest, Tripunithura, Kerala",
        "id_card": "id_cards/employee_ID_design_10BjjTy.png",
        "is_id_verified": false,
        "pincode": "683100",
        "latitude": 11.119257586080986,
        "longitude": 76.11203099346012,
        "is_online": false,
        "last_seen": null,
        "bio": ""
    }
},
{
    "model": "User.userprofile",
    "pk": 20,
    "fields": {
        "user": [
            "hari_krishnan15"
        ],
        "phone": "999990012",
        "address": "Dream Land House, Alappuzha, Kerala",
        "id_card": "id_cards/employee_ID_design_apvJDK0.png",
        "is_id_verified": false,
        "pincode": "683101",
        "latitude": 11.119257586080986,
        "longitude": 76.11203099346012,
        "is_online": false,
        "last_seen": null,
        "bio": ""
    }
},
{
    "model": "User.userprofile",
    "pk": 21,
    "fields": {
        "user": [
            "abin_thomas16"
        ],
        "phone": "999990013",
        "address": "Green Meadows, Kottayam, Kerala",
        "id_card": "id_cards/employee_ID_design_VlWx1wi.png",
        "is_id_verified": false,
        "pincode": "683102",
        "latitude": 11.119257586080986,
        "longitude": 76.11203099346012,
        "is_online": false,
        "last_seen": null,
        "bio": ""
    }
},
{
    "model": "User.userprofile",
    "pk": 22,
    "fields": {
        "user": [
            "jithin_babu17"
        ],
        "phone": "999990014",
        "address": "Pearl Residency, Thrissur, Kerala",
        "id_card": "id_cards/employee_ID_design_jxTBqHc.png",
        "is_id_verified": false,
        "pincode": "683103",
        "latitude": 11.119257586080986,
        "longitude": 76.11203099346012,
        "is_online": false,
        "last_seen": null,
        "bio": ""
    }
},
{
    "model": "User.userprofile",
    "pk": 23,
    "fields": {
        "user": [
            "naveen_raj18"
        ],
        "phone": "999990015",
        "address": "Ocean Breeze, Varkala, Kerala",
        "id_card": "id_cards/employee_ID_design_ir7m41h.png",
        "is_id_verified": false,
        "pincode": "683104",
        "latitude": 11.119257586080986,
        "longitude": 76.11203099346012,
        "is_online": false,
        "last_seen": null,
        "bio": ""
    }
},
{
    "model": "User.userprofile",
    "pk": 24,
    "fields": {
        "user": [
            "vimal_kumar19"
        ],
        "phone": "999990016",
        "address": "Lotus Villa, Kollam, Kerala",
        "id_card": "id_cards/employee_ID_design_PMZbtwr.png",
        "is_id_verified": false,
        "pincode": "683105",
        "latitude": 11.119257586080986,
        "longitude": 76.11203099346012,
        "is_online": false,
        "last_seen": null,
        "bio": ""
    }
},
{
    "model": "User.userprofile",
    "pk": 25,
    "fields": {
        "user": [
            "aravind_pillai20"
        ],
        "phone": "999990017",
        "address": "Silver Sand House, Kozhikode, Kerala",
        "id_card": "id_cards/employee_ID_design_DjLHZyR.png",
        "is_id_verified": false,
        "pincode": "683106",
        "latitude": 11.119257586080986,
        "longitude": 76.11203099346012,
        "is_online": false,
        "last_seen": null,
        "bio": ""
    }
},
{
    "model": "User.userprofile",
    "pk": 26,
    "fields": {
        "user": [
            "shyam_mohan21"
        ],
        "phone": "999990018",
        "address": "Palm Grove, Kannur, Kerala",
        "id_card": "id_cards/employee_ID_design_ffeKwYT.png",
        "is_id_verified": false,
        "pincode": "683107",
        "latitude": 11.119257586080986,
        "longitude": 76.11203099346012,
        "is_online": false,
        "last_seen": null,
        "bio": ""
    }
},
{
    "model": "User.userprofile",
    "pk": 27,
    "fields": {
        "user": [
            "rahul_raj22"
        ],
        "phone": "999990019",
        "address": "Orchid Villa, Malappuram, Kerala",
        "id_card": "id_cards/employee_ID_design_E09OWd6.png",
        "is_id_verified": false,
        "pincode": "683108",
        "latitude": 11.119257586080986,
        "longitude": 76.11203099346012,
        "is_online": false,
        "last_seen": null,
        "bio": ""
    }
},
{
    "model": "User.userprofile",
    "pk": 28,
    "fields": {
        "user": [
            "dinesh_kumar23"
        ],
        "phone": "999990020",
        "address": "Sky View House, Kasaragod, Kerala",
        "id_card": "id_cards/employee_ID_design_GrsD8ab.png",
        "is_id_verified": false,
        "pincode": "683109",
        "latitude": 11.119257586080986,
        "longitude": 76.11203099346012,
        "is_online": false,
        "last_seen": null,
        "bio": ""
    }
},
{
    "model": "User.userprofile",
    "pk": 29,
    "fields": {
        "user": [
            "ajay_nair24"
        ],
        "phone": "999990021",
        "address": "Harmony Home, Pathanamthitta, Kerala",
        "id_card": "id_cards/employee_ID_design_ajRah1x.png",
        "is_id_verified": false,
        "pincode": "683100",
        "latitude": 11.119257586080986,
        "longitude": 76.11203099346012,
        "is_online": false,
        "last_seen": null,
        "bio": ""
    }
},
{
    "model": "User.userprofile",
    "pk": 30,
    "fields": {
        "user": [
            "vivek_suresh25"
        ],
        "phone": "999990022",
        "address": "Sunrise Villa, Idukki, Kerala",
        "id_card": "id_cards/employee_ID_design_lFfdKAl.png",
        "is_id_verified": false,
        "pincode": "683101",
        "latitude": 11.119257586080986,
        "longitude": 76.11203099346012,
        "is_online": false,
        "last_seen": null,
        "bio": ""
    }
},
{
    "model": "User.userprofile",
    "pk": 31,
    "fields": {
        "user": [
            "anoop_jose26"
        ],
        "phone": "999990023",
        "address": "Emerald House, Palakkad, Kerala",
        "id_card": "id_cards/employee_ID_design_i5qhXX4.png",
        "is_id_verified": false,
        "pincode": "683102",
        "latitude": 11.119257586080986,
        "longitude": 76.11203099346012,
        "is_online": false,
        "last_seen": null,
        "bio": ""
    }
},
{
    "model": "User.userprofile",
    "pk": 32,
    "fields": {
        "user": [
            "basil_mathew27"
        ],
        "phone": "999990024",
        "address": "Blue Lagoon Villa, Ernakulam, Kerala",
        "id_card": "id_cards/employee_ID_design_jKxWHmZ.png",
        "is_id_verified": false,
        "pincode": "683103",
        "latitude": 11.119257586080986,
        "longitude": 76.11203099346012,
        "is_online": false,
        "last_seen": null,
        "bio": ""
    }
},
{
    "model": "User.userprofile",
    "pk": 33,
    "fields": {
        "user": [
            "santhosh_kumar28"
        ],
        "phone": "999990025",
        "address": "Royal Nest, Mattancherry, Kochi, Kerala",
        "id_card": "id_cards/employee_ID_design_A3WzONp.png",
        "is_id_verified": false,
        "pincode": "683104",
        "latitude": 11.119257586080986,
        "longitude": 76.11203099346012,
        "is_online": false,
        "last_seen": null,
        "bio": ""
    }
},
{
    "model": "User.userprofile",
    "pk": 34,
    "fields": {
        "user": [
            "arun_babu29"
        ],
        "phone": "999990026",
        "address": "Cozy Cottage, Cherai Beach, Kerala",
        "id_card": "id_cards/employee_ID_design_PdT4bdJ.png",
        "is_id_verified": false,
        "pincode": "683105",
        "latitude": 11.119257586080986,
        "longitude": 76.11203099346012,
        "is_online": false,
        "last_seen": null,
        "bio": ""
    }
},
{
    "model": "User.userprofile",
    "pk": 35,
    "fields": {
        "user": [
            "riju_varghese30"
        ],
        "phone": "999990027",
        "address": "White House, Kaloor, Kochi, Kerala",
        "id_card": "id_cards/employee_ID_design_Zfr5bmz.png",
        "is_id_verified": false,
        "pincode": "683106",
        "latitude": 11.119257586080986,
        "longitude": 76.11203099346012,
        "is_online": false,
        "last_seen": null,
        "bio": ""
    }
},
{
    "model": "User.userprofile",
    "pk": 36,
    "fields": {
        "user": [
            "melvin_thomas31"
        ],
        "phone": "999990028",
        "address": "Green Leaf Villa, Maradu, Kerala",
        "id_card": "id_cards/employee_ID_design_gNkWggY.png",
        "is_id_verified": false,
        "pincode": "683107",
        "latitude": 11.119257586080986,
        "longitude": 76.11203099346012,
        "is_online": false,
        "last_seen": null,
        "bio": ""
    }
},
{
    "model": "User.userprofile",
    "pk": 37,
    "fields": {
        "user": [
            "anish_kumar32"
        ],
        "phone": "999990029",
        "address": "Happy Homes, Kolenchery, Kerala",
        "id_card": "id_cards/employee_ID_design_kCOk2b8.png",
        "is_id_verified": false,
        "pincode": "683108",
        "latitude": 11.119257586080986,
        "longitude": 76.11203099346012,
        "is_online": false,
        "last_seen": null,
        "bio": ""
    }
},
{
    "model": "User.userprofile",
    "pk": 38,
    "fields": {
        "user": [
            "joseph_george33"
        ],
        "phone": "999990030",
        "address": "Lake Side House, Kumarakom, Kerala",
        "id_card": "id_cards/employee_ID_design_ZI7DVjR.png",
        "is_id_verified": false,
        "pincode": "683109",
        "latitude": 11.119257586080986,
        "longitude": 76.11203099346012,
        "is_online": false,
        "last_seen": null,
        "bio": ""
    }
},
{
    "model": "User.userprofile",
    "pk": 39,
    "fields": {
        "user": [
            "albin_jose34"
        ],
        "phone": "999990031",
        "address": "Hill View Cottage, Wayanad, Kerala",
        "id_card": "id_cards/employee_ID_design_jCP6kZq.png",
        "is_id_verified": false,
        "pincode": "683100",
        "latitude": 11.119257586080986,
        "longitude": 76.11203099346012,
        "is_online": false,
        "last_seen": null,
        "bio": ""
    }
},
{
    "model": "User.userprofile",
    "pk": 40,
    "fields": {
        "user": [
            "tharun_krishna35"
        ],
        "phone": "999990032",
        "address": "Star Residency, Guruvayur, Kerala",
        "id_card": "id_cards/employee_ID_design_U2du3HJ.png",
        "is_id_verified": false,
        "pincode": "683101",
        "latitude": 11.119257586080986,
        "longitude": 76.11203099346012,
        "is_online": false,
        "last_seen": null,
        "bio": ""
    }
},
{
    "model": "User.userprofile",
    "pk": 41,
    "fields": {
        "user": [
            "vignesh_nair36"
        ],
        "phone": "999990033",
        "address": "River Side Villa, Chalakudy, Kerala",
        "id_card": "id_cards/employee_ID_design_GfmQrlU.png",
        "is_id_verified": false,
        "pincode": "683102",
        "latitude": 11.119257586080986,
        "longitude": 76.11203099346012,
        "is_online": false,
        "last_seen": null,
        "bio": ""
    }
},
{
    "model": "User.userprofile",
    "pk": 42,
    "fields": {
        "user": [
            "libin_mathew37"
        ],
        "phone": "999990034",
        "address": "Peaceful Home, Irinjalakuda, Kerala",
        "id_card": "id_cards/employee_ID_design_nprS8OZ.png",
        "is_id_verified": false,
        "pincode": "683103",
        "latitude": 11.119257586080986,
        "longitude": 76.11203099346012,
        "is_online": false,
        "last_seen": null,
        "bio": ""
    }
},
{
    "model": "User.userprofile",
    "pk": 43,
    "fields": {
        "user": [
            "gokul_das38"
        ],
        "phone": "999990035",
        "address": "Golden Villa, Nedumbassery, Kerala",
        "id_card": "id_cards/employee_ID_design_mCufoR0.png",
        "is_id_verified": false,
        "pincode": "683104",
        "latitude": 11.119257586080986,
        "longitude": 76.11203099346012,
        "is_online": false,
        "last_seen": null,
        "bio": ""
    }
},
{
    "model": "User.userprofile",
    "pk": 44,
    "fields": {
        "user": [
            "nivin_varghese39"
        ],
        "phone": "999990036",
        "address": "Classic House, Aroor, Kerala",
        "id_card": "id_cards/employee_ID_design_ytlhDPp.png",
        "is_id_verified": false,
        "pincode": "683105",
        "latitude": 11.119257586080986,
        "longitude": 76.11203099346012,
        "is_online": false,
        "last_seen": null,
        "bio": ""
    }
},
{
    "model": "User.userprofile",
    "pk": 45,
    "fields": {
        "user": [
            "febin_thomas40"
        ],
        "phone": "999990037",
        "address": "Bright Villa, Piravom, Kerala",
        "id_card": "id_cards/employee_ID_design_w9YnN6v.png",
        "is_id_verified": false,
        "pincode": "683106",
        "latitude": 11.119257586080986,
        "longitude": 76.11203099346012,
        "is_online": false,
        "last_seen": null,
        "bio": ""
    }
},
{
    "model": "Services.servicecategory",
    "pk": 1,
    "fields": {
        "name": "Home Maintenance"
    }
},
{
    "model": "Services.servicecategory",
    "pk": 2,
    "fields": {
        "name": "Cleaning Services"
    }
},
{
    "model": "Services.servicecategory",
    "pk": 3,
    "fields": {
        "name": "Appliance Services"
    }
},
{
    "model": "Services.servicecategory",
    "pk": 4,
    "fields": {
        "name": "Moving Services"
    }
},
{
    "model": "Services.servicecategory",
    "pk": 5,
    "fields": {
        "name": "Beauty & Personal Care"
    }
},
{
    "model": "Services.servicecategory",
    "pk": 6,
    "fields": {
        "name": "IT & Tech Support"
    }
},
{
    "model": "Services.servicecategory",
    "pk": 7,
    "fields": {
        "name": "Security Services"
    }
},
{
    "model": "Services.servicecategory",
    "pk": 8,
    "fields": {
        "name": "Outdoor Services"
    }
},
{
    "model": "Services.servicecategory",
    "pk": 9,
    "fields": {
        "name": "Vehicle Services"
    }
},
{
    "model": "Services.servicecategory",
    "pk": 10,
    "fields": {
        "name": "Home Improvement"
    }
},
{
    "model": "Services.service",
    "pk": 1,
    "fields": {
        "category": 1,
        "name": "Plumbing"
    }
},
{
    "model": "Services.service",
    "pk": 2,
    "fields": {
        "category": 1,
        "name": "Electrician"
    }
},
{
    "model": "Services.service",
    "pk": 3,
    "fields": {
        "category": 1,
        "name": "Carpentry"
    }
},
{
    "model": "Services.service",
    "pk": 4,
    "fields": {
        "category": 1,
        "name": "Door Repair"
    }
},
{
    "model": "Services.service",
    "pk": 5,
    "fields": {
        "category": 2,
        "name": "Home Cleaning"
    }
},
{
    "model": "Services.service",
    "pk": 6,
    "fields": {
        "category": 2,
        "name": "Deep Cleaning"
    }
},
{
    "model": "Services.service",
    "pk": 7,
    "fields": {
        "category": 2,
        "name": "Sofa Cleaning"
    }
},
{
    "model": "Services.service",
    "pk": 8,
    "fields": {
        "category": 2,
        "name": "Bathroom Cleaning"
    }
},
{
    "model": "Services.service",
    "pk": 9,
    "fields": {
        "category": 3,
        "name": "AC Repair"
    }
},
{
    "model": "Services.service",
    "pk": 10,
    "fields": {
        "category": 3,
        "name": "Refrigerator Repair"
    }
},
{
    "model": "Services.service",
    "pk": 11,
    "fields": {
        "category": 3,
        "name": "Washing Machine Repair"
    }
},
{
    "model": "Services.service",
    "pk": 12,
    "fields": {
        "category": 3,
        "name": "Microwave Repair"
    }
},
{
    "model": "Services.service",
    "pk": 13,
    "fields": {
        "category": 4,
        "name": "House Shifting"
    }
},
{
    "model": "Services.service",
    "pk": 14,
    "fields": {
        "category": 4,
        "name": "Office Shifting"
    }
},
{
    "model": "Services.service",
    "pk": 15,
    "fields": {
        "category": 4,
        "name": "Packers and Movers"
    }
},
{
    "model": "Services.service",
    "pk": 16,
    "fields": {
        "category": 4,
        "name": "Furniture Moving"
    }
},
{
    "model": "Services.service",
    "pk": 17,
    "fields": {
        "category": 5,
        "name": "Haircut Service"
    }
},
{
    "model": "Services.service",
    "pk": 18,
    "fields": {
        "category": 5,
        "name": "Facial Service"
    }
},
{
    "model": "Services.service",
    "pk": 19,
    "fields": {
        "category": 5,
        "name": "Makeup Service"
    }
},
{
    "model": "Services.service",
    "pk": 20,
    "fields": {
        "category": 5,
        "name": "Massage Therapy"
    }
},
{
    "model": "Services.service",
    "pk": 21,
    "fields": {
        "category": 6,
        "name": "Laptop Repair"
    }
},
{
    "model": "Services.service",
    "pk": 22,
    "fields": {
        "category": 6,
        "name": "Computer Repair"
    }
},
{
    "model": "Services.service",
    "pk": 23,
    "fields": {
        "category": 6,
        "name": "Printer Setup"
    }
},
{
    "model": "Services.service",
    "pk": 24,
    "fields": {
        "category": 6,
        "name": "WiFi Installation"
    }
},
{
    "model": "Services.service",
    "pk": 25,
    "fields": {
        "category": 7,
        "name": "CCTV Installation"
    }
},
{
    "model": "Services.service",
    "pk": 26,
    "fields": {
        "category": 7,
        "name": "Alarm System Setup"
    }
},
{
    "model": "Services.service",
    "pk": 27,
    "fields": {
        "category": 7,
        "name": "Smart Lock Installation"
    }
},
{
    "model": "Services.service",
    "pk": 28,
    "fields": {
        "category": 7,
        "name": "Security Guard Service"
    }
},
{
    "model": "Services.service",
    "pk": 29,
    "fields": {
        "category": 8,
        "name": "Gardening"
    }
},
{
    "model": "Services.service",
    "pk": 30,
    "fields": {
        "category": 8,
        "name": "Lawn Maintenance"
    }
},
{
    "model": "Services.service",
    "pk": 31,
    "fields": {
        "category": 8,
        "name": "Tree Trimming"
    }
},
{
    "model": "Services.service",
    "pk": 32,
    "fields": {
        "category": 8,
        "name": "Landscaping"
    }
},
{
    "model": "Services.service",
    "pk": 33,
    "fields": {
        "category": 9,
        "name": "Car Wash"
    }
},
{
    "model": "Services.service",
    "pk": 34,
    "fields": {
        "category": 9,
        "name": "Bike Repair"
    }
},
{
    "model": "Services.service",
    "pk": 35,
    "fields": {
        "category": 9,
        "name": "Car AC Service"
    }
},
{
    "model": "Services.service",
    "pk": 36,
    "fields": {
        "category": 9,
        "name": "Battery Replacement"
    }
},
{
    "model": "Services.service",
    "pk": 37,
    "fields": {
        "category": 10,
        "name": "Interior Painting"
    }
},
{
    "model": "Services.service",
    "pk": 38,
    "fields": {
        "category": 10,
        "name": "Wall Design"
    }
},
{
    "model": "Services.service",
    "pk": 39,
    "fields": {
        "category": 10,
        "name": "Tile Installation"
    }
},
{
    "model": "Services.service",
    "pk": 40,
    "fields": {
        "category": 10,
        "name": "False Ceiling Work"
    }
},
{
    "model": "Services.providerservice",
    "pk": 6,
    "fields": {
        "provider": [
            "Appu"
        ],
        "service": 7,
        "price": "1.00",
        "experience": 7,
        "work_image": "image/upload/v1773501004/ovuxtnj4wb7iv3ekpgx4.png",
        "description": "kjkhhliuh",
        "created_at": "2026-03-14T15:16:05.643Z"
    }
},
{
    "model": "Services.providerservice",
    "pk": 10,
    "fields": {
        "provider": [
            "Appu"
        ],
        "service": 2,
        "price": "554.00",
        "experience": 5,
        "work_image": "",
        "description": "An electrician installs, repairs, and maintains electrical systems in homes, offices, and industrial settings. They handle wiring, lighting, power systems, and ensure all electrical work is safe and meets regulations.",
        "created_at": "2026-03-23T09:50:31.004Z"
    }
},
{
    "model": "Services.providerservice",
    "pk": 11,
    "fields": {
        "provider": [
            "Appu"
        ],
        "service": 2,
        "price": "554.00",
        "experience": 5,
        "work_image": "",
        "description": "An electrician installs, repairs, and maintains electrical systems in homes, offices, and industrial settings. They handle wiring, lighting, power systems, and ensure all electrical work is safe and meets regulations.",
        "created_at": "2026-03-23T09:55:37.659Z"
    }
},
{
    "model": "Services.providerservice",
    "pk": 21,
    "fields": {
        "provider": [
            "Appu"
        ],
        "service": 18,
        "price": "1.00",
        "experience": 214,
        "work_image": "image/upload/v1774266576/ovgrz2souzckqrjtliur.png",
        "description": "rq2rt4qrt42",
        "created_at": "2026-03-23T11:49:26.807Z"
    }
},
{
    "model": "Services.providerservice",
    "pk": 22,
    "fields": {
        "provider": [
            "Appu"
        ],
        "service": 31,
        "price": "1.00",
        "experience": 7,
        "work_image": "image/upload/v1774267995/m0kvqnjyfolsrnr10bpz.png",
        "description": "wfgwf",
        "created_at": "2026-03-23T12:13:05.348Z"
    }
},
{
    "model": "Services.providerservice",
    "pk": 23,
    "fields": {
        "provider": [
            "Appu"
        ],
        "service": 5,
        "price": "100.00",
        "experience": 10,
        "work_image": "image/upload/v1775117709/bcquwozpwg06jn6qbrn9.png",
        "description": "hi my name is adarsh",
        "created_at": "2026-04-02T08:15:12.417Z"
    }
},
{
    "model": "Services.providerservice",
    "pk": 24,
    "fields": {
        "provider": [
            "Appu"
        ],
        "service": 13,
        "price": "12222.00",
        "experience": 2,
        "work_image": "image/upload/v1775117833/caizloc60wm41ma4gl6a.png",
        "description": "hi hellooo",
        "created_at": "2026-04-02T08:17:16.972Z"
    }
},
{
    "model": "Services.providerservice",
    "pk": 25,
    "fields": {
        "provider": [
            "Appu"
        ],
        "service": 13,
        "price": "12222.00",
        "experience": 2,
        "work_image": "image/upload/v1775117838/gv4kmynczrrshp5fi3tb.png",
        "description": "hi hellooo",
        "created_at": "2026-04-02T08:17:21.464Z"
    }
},
{
    "model": "Services.providerservice",
    "pk": 26,
    "fields": {
        "provider": [
            "arjun_nair01"
        ],
        "service": 1,
        "price": null,
        "experience": 1,
        "work_image": "image/upload/v1775640099/otpq4agkrdifzu4zzekr.jpg",
        "description": "Experienced and reliable plumber with strong expertise in installing, repairing, and maintaining water supply and drainage systems. Skilled in handling residential and commercial plumbing projects, ensuring quality work, timely service, and customer satisfaction.",
        "created_at": "2026-04-08T09:21:50.958Z"
    }
},
{
    "model": "Services.providerservice",
    "pk": 27,
    "fields": {
        "provider": [
            "rahul_menon02"
        ],
        "service": 2,
        "price": null,
        "experience": 1,
        "work_image": "image/upload/v1775709949/suzqsxmy2ewddjtrh0et.jpg",
        "description": "Skilled electrician with experience in installing, maintaining, and repairing electrical systems. Proficient in handling residential and commercial wiring, troubleshooting faults, and ensuring safe and efficient electrical solutions.",
        "created_at": "2026-04-09T04:46:03.606Z"
    }
},
{
    "model": "Services.providerservice",
    "pk": 28,
    "fields": {
        "provider": [
            "vishnu_kumar03"
        ],
        "service": 3,
        "price": null,
        "experience": 3,
        "work_image": "image/upload/v1775710714/fm6trqxh8vupigqbsxne.jpg",
        "description": "Experienced carpenter specializing in custom furniture, woodwork, and structural carpentry. Proficient in cutting, shaping, and installing wood materials with accuracy and attention to detail. Known for delivering strong, aesthetically pleasing, and long-lasting solutions while meeting client requirements and deadlines.",
        "created_at": "2026-04-09T04:58:48.137Z"
    }
},
{
    "model": "Services.providerservice",
    "pk": 29,
    "fields": {
        "provider": [
            "ajith_varma04"
        ],
        "service": 4,
        "price": null,
        "experience": 3,
        "work_image": "image/upload/v1775711486/k8i1thw80eohgmtdrybr.jpg",
        "description": "Professional door repair service for fixing hinges, locks, andalignment issues.Ensures smooth operation and improvedsecurity for your home.Quick, reliable, and long-lasting solutions.",
        "created_at": "2026-04-09T05:11:39.675Z"
    }
},
{
    "model": "Services.providerservice",
    "pk": 30,
    "fields": {
        "provider": [
            "sachin_pillai05"
        ],
        "service": 5,
        "price": null,
        "experience": 4,
        "work_image": "image/upload/v1775711836/fqtvrwebkhi7y25co9lw.jpg",
        "description": "Complete home cleaning service to keep your space neat andhygienic.\r\nCovers dusting, mopping, and surface cleaning.\r\nPerfect for maintaining a fresh and healthy environment.",
        "created_at": "2026-04-09T05:17:30.007Z"
    }
},
{
    "model": "Services.providerservice",
    "pk": 31,
    "fields": {
        "provider": [
            "nithin_das06"
        ],
        "service": 6,
        "price": null,
        "experience": 2,
        "work_image": "image/upload/v1775712018/icrvcd2iysppcng98gy7.jpg",
        "description": "Detailed deep cleaning that targets hidden dirt and germs.\r\nIncludes kitchens, bathrooms, and hard-to-reach areas.\r\nIdeal for seasonal or full-home sanitation.",
        "created_at": "2026-04-09T05:20:31.888Z"
    }
},
{
    "model": "Services.providerservice",
    "pk": 32,
    "fields": {
        "provider": [
            "akhil_krishna07"
        ],
        "service": 7,
        "price": null,
        "experience": 2,
        "work_image": "image/upload/v1775712182/ykim6xh4pmbndbgsxcin.jpg",
        "description": "Effective sofa cleaning to remove stains, dust, and allergens.\r\nUses safe and fabric-friendly cleaning methods.\r\nRestores freshness and extends furniture life.",
        "created_at": "2026-04-09T05:23:15.414Z"
    }
},
{
    "model": "Services.providerservice",
    "pk": 33,
    "fields": {
        "provider": [
            "rohan_mathew08"
        ],
        "service": 8,
        "price": null,
        "experience": 5,
        "work_image": "image/upload/v1775712728/si6hgrqc4cuytkbdccis.png",
        "description": "Thorough bathroom cleaning for a germ-free space.\r\nRemoves stains, odors, and bacteria effectively.\r\nLeaves your bathroom fresh, clean, and hygienic.",
        "created_at": "2026-04-09T05:32:22.223Z"
    }
},
{
    "model": "Services.providerservice",
    "pk": 34,
    "fields": {
        "provider": [
            "deepak_naidu09"
        ],
        "service": 9,
        "price": null,
        "experience": 2,
        "work_image": "image/upload/v1775713664/zsodj0dkivw2ri31i1zm.jpg",
        "description": "Expert AC repair and servicing for all types of units.\r\nFixes cooling issues, gas leaks, and performance problems.\r\nEnsures efficient cooling and longer lifespan.",
        "created_at": "2026-04-09T05:47:58.046Z"
    }
},
{
    "model": "Services.providerservice",
    "pk": 35,
    "fields": {
        "provider": [
            "manoj_kumar10"
        ],
        "service": 10,
        "price": null,
        "experience": 3,
        "work_image": "image/upload/v1775714119/ykctqrnqbpsmhbd7ieth.jpg",
        "description": "Reliable refrigerator repair to fix cooling and electrical issues.\r\nHandles all major brands and models.\r\nEnsures proper functioning and food safety.",
        "created_at": "2026-04-09T05:55:32.686Z"
    }
},
{
    "model": "Services.providerservice",
    "pk": 36,
    "fields": {
        "provider": [
            "sandeep_reddy11"
        ],
        "service": 11,
        "price": null,
        "experience": 6,
        "work_image": "image/upload/v1775714365/dfcn9rgueuo710g58tij.jpg",
        "description": "Professional repair for semi and fully automatic machines.\r\nFixes drainage, spinning, and motor issues.\r\nQuick service to restore smooth operation.",
        "created_at": "2026-04-09T05:59:39.140Z"
    }
},
{
    "model": "Services.providerservice",
    "pk": 37,
    "fields": {
        "provider": [
            "kiran_jose12"
        ],
        "service": 12,
        "price": null,
        "experience": 4,
        "work_image": "image/upload/v1775714995/gtunxagourf6e770crea.jpg",
        "description": "Skilled microwave repair for heating and electrical faults.\r\nEnsures safe and efficient appliance use.\r\nFast diagnosis and reliable fixes.",
        "created_at": "2026-04-09T06:10:08.800Z"
    }
},
{
    "model": "Services.providerservice",
    "pk": 38,
    "fields": {
        "provider": [
            "anil_varghese13"
        ],
        "service": 13,
        "price": null,
        "experience": 1,
        "work_image": "image/upload/v1775715292/ehmgbpiopokxwwwbmqk6.jpg",
        "description": "Safe and smooth house shifting with expert handling.\r\nIncludes packing, loading, and transportation.\r\nEnsures your belongings reach safely.",
        "created_at": "2026-04-09T06:15:06.007Z"
    }
},
{
    "model": "Services.providerservice",
    "pk": 39,
    "fields": {
        "provider": [
            "praveen_nair14"
        ],
        "service": 14,
        "price": null,
        "experience": 4,
        "work_image": "image/upload/v1775715683/o2pir88cggynoqam2hhf.jpg",
        "description": "Efficient office relocation with minimal downtime.\r\nHandles equipment, furniture, and documents carefully.\r\nOrganized and timely moving solutions.",
        "created_at": "2026-04-09T06:21:36.822Z"
    }
},
{
    "model": "Services.providerservice",
    "pk": 40,
    "fields": {
        "provider": [
            "hari_krishnan15"
        ],
        "service": 15,
        "price": null,
        "experience": 7,
        "work_image": "image/upload/v1775715917/clsbtrbtakj6smgdkudu.jpg",
        "description": "Complete packing and moving service for all needs.\r\nUses quality materials for safe packing.\r\nEnsures secure and stress-free relocation.",
        "created_at": "2026-04-09T06:25:30.296Z"
    }
},
{
    "model": "Services.providerservice",
    "pk": 41,
    "fields": {
        "provider": [
            "abin_thomas16"
        ],
        "service": 16,
        "price": null,
        "experience": 3,
        "work_image": "image/upload/v1775716180/ikireb6nvfm1fjphx2y6.jpg",
        "description": "Special care for moving heavy and delicate furniture.\r\nPrevents damage during transport.\r\nReliable and careful handling guaranteed.",
        "created_at": "2026-04-09T06:29:54.243Z"
    }
},
{
    "model": "Services.providerservice",
    "pk": 42,
    "fields": {
        "provider": [
            "jithin_babu17"
        ],
        "service": 17,
        "price": null,
        "experience": 4,
        "work_image": "image/upload/v1775716610/moc4jagmktgmry8menqf.jpg",
        "description": "Professional haircut service at your convenience.\r\nStyled according to your preference and trends.\r\nClean, precise, and satisfying results.",
        "created_at": "2026-04-09T06:37:03.432Z"
    }
},
{
    "model": "Services.providerservice",
    "pk": 43,
    "fields": {
        "provider": [
            "naveen_raj18"
        ],
        "service": 18,
        "price": null,
        "experience": 2,
        "work_image": "image/upload/v1775716780/gcrj35ua4wwikxnltjel.jpg",
        "description": "Rejuvenating facial treatments for healthy skin.\r\nCleanses, nourishes, and refreshes your face.\r\nPerfect for glowing and smooth skin.",
        "created_at": "2026-04-09T06:39:53.954Z"
    }
},
{
    "model": "Services.providerservice",
    "pk": 44,
    "fields": {
        "provider": [
            "vimal_kumar19"
        ],
        "service": 19,
        "price": null,
        "experience": 2,
        "work_image": "image/upload/v1775716912/sbh2vh5wffqnpusj2w6j.png",
        "description": "Expert makeup service for all occasions.\r\nCustomized looks based on your style.\r\nEnsures a flawless and long-lasting finish.",
        "created_at": "2026-04-09T06:42:05.794Z"
    }
},
{
    "model": "Services.providerservice",
    "pk": 45,
    "fields": {
        "provider": [
            "aravind_pillai20"
        ],
        "service": 20,
        "price": null,
        "experience": 2,
        "work_image": "image/upload/v1775717089/oakkiwrhasroggzhajkf.jpg",
        "description": "Relaxing massage therapy to reduce stress.\r\nImproves blood circulation and body relaxation.\r\nPerfect for overall wellness and relief.",
        "created_at": "2026-04-09T06:45:02.743Z"
    }
},
{
    "model": "Services.providerservice",
    "pk": 46,
    "fields": {
        "provider": [
            "shyam_mohan21"
        ],
        "service": 21,
        "price": null,
        "experience": 3,
        "work_image": "image/upload/v1775717197/mtmgus9ospzxxnxxcwtg.jpg",
        "description": "Professional laptop repair for hardware and software issues.\r\nHandles screen, battery, and performance problems.\r\nQuick and efficient service.",
        "created_at": "2026-04-09T06:46:50.591Z"
    }
},
{
    "model": "Services.providerservice",
    "pk": 47,
    "fields": {
        "provider": [
            "rahul_raj22"
        ],
        "service": 21,
        "price": null,
        "experience": 6,
        "work_image": "image/upload/v1775717310/m7xmp5p4udzkmvj1atm6.jpg",
        "description": "Professional laptop repair for hardware and software issues.\r\nHandles screen, battery, and performance problems.\r\nQuick and efficient service.",
        "created_at": "2026-04-09T06:48:43.848Z"
    }
},
{
    "model": "Services.providerservice",
    "pk": 48,
    "fields": {
        "provider": [
            "dinesh_kumar23"
        ],
        "service": 22,
        "price": null,
        "experience": 3,
        "work_image": "image/upload/v1775717412/db1xr18gjdrd6z2k2ear.jpg",
        "description": "Complete desktop repair and maintenance services.\r\nFixes system errors and hardware faults.\r\nEnsures smooth and reliable performance.",
        "created_at": "2026-04-09T06:50:25.619Z"
    }
},
{
    "model": "Services.providerservice",
    "pk": 49,
    "fields": {
        "provider": [
            "ajay_nair24"
        ],
        "service": 23,
        "price": null,
        "experience": 4,
        "work_image": "image/upload/v1775717528/xrzh1aankpkn9f9n1tkw.jpg",
        "description": "Easy printer installation and configuration service.\r\nSupports all major brands and models.\r\nEnsures smooth printing without issues.",
        "created_at": "2026-04-09T06:52:21.805Z"
    }
},
{
    "model": "Services.providerservice",
    "pk": 50,
    "fields": {
        "provider": [
            "vivek_suresh25"
        ],
        "service": 24,
        "price": null,
        "experience": 2,
        "work_image": "image/upload/v1775718310/nnkggrcj1zyyapigl6im.jpg",
        "description": "Professional WiFi setup for home or office.\r\nEnsures strong and stable internet coverage.\r\nSecure and optimized network setup.",
        "created_at": "2026-04-09T07:05:24.111Z"
    }
},
{
    "model": "Services.providerservice",
    "pk": 51,
    "fields": {
        "provider": [
            "anoop_jose26"
        ],
        "service": 25,
        "price": null,
        "experience": 3,
        "work_image": "image/upload/v1775718515/pxvufnu0x1mqepy28ve1.webp",
        "description": "Advanced CCTV installation for security needs.\r\nProvides monitoring and surveillance solutions.\r\nEnsures safety for home and business.",
        "created_at": "2026-04-09T07:08:48.340Z"
    }
},
{
    "model": "Services.providerservice",
    "pk": 52,
    "fields": {
        "provider": [
            "basil_mathew27"
        ],
        "service": 26,
        "price": null,
        "experience": 4,
        "work_image": "image/upload/v1775718723/dp3ayp7907tpimr1udat.png",
        "description": "Reliable alarm system installation for protection.\r\nDetects unauthorized access instantly.\r\nEnhances overall security.",
        "created_at": "2026-04-09T07:12:17.600Z"
    }
},
{
    "model": "Services.providerservice",
    "pk": 53,
    "fields": {
        "provider": [
            "santhosh_kumar28"
        ],
        "service": 27,
        "price": null,
        "experience": 3,
        "work_image": "image/upload/v1775718935/piq1ftblnyhk3w3oil6n.jpg",
        "description": "Modern smart lock setup for secure access.\r\nEasy control with mobile or digital systems.\r\nAdds convenience and safety.",
        "created_at": "2026-04-09T07:15:48.858Z"
    }
},
{
    "model": "Services.providerservice",
    "pk": 54,
    "fields": {
        "provider": [
            "arun_babu29"
        ],
        "service": 28,
        "price": null,
        "experience": 5,
        "work_image": "image/upload/v1775719130/htsxkbbu6ldeznrb3dxz.jpg",
        "description": "Trained security personnel for safety needs.\r\nProvides 24/7 protection for property.\r\nReliable and professional service.",
        "created_at": "2026-04-09T07:19:03.861Z"
    }
},
{
    "model": "Services.providerservice",
    "pk": 55,
    "fields": {
        "provider": [
            "riju_varghese30"
        ],
        "service": 29,
        "price": null,
        "experience": 3,
        "work_image": "image/upload/v1775719441/vnap0vjmfrdqrzdogwme.jpg",
        "description": "Professional gardening for beautiful outdoor spaces.\r\nPlanting, watering, and maintenance included.\r\nKeeps your garden fresh and healthy.",
        "created_at": "2026-04-09T07:24:14.343Z"
    }
},
{
    "model": "Services.providerservice",
    "pk": 56,
    "fields": {
        "provider": [
            "melvin_thomas31"
        ],
        "service": 30,
        "price": null,
        "experience": 3,
        "work_image": "image/upload/v1775719693/tsfasnwp9go5oa2xl80i.jpg",
        "description": "Regular lawn care for green and clean grass.\r\nIncludes trimming, watering, and upkeep.\r\nEnhances outdoor appearance.",
        "created_at": "2026-04-09T07:28:26.640Z"
    }
},
{
    "model": "Services.providerservice",
    "pk": 57,
    "fields": {
        "provider": [
            "anish_kumar32"
        ],
        "service": 31,
        "price": null,
        "experience": 3,
        "work_image": "image/upload/v1775746251/ghdyrwijn6nplgl7vvel.jpg",
        "description": "Safe tree trimming to maintain shape and safety.\r\nRemoves unwanted or dangerous branches.\r\nKeeps surroundings neat and secure.",
        "created_at": "2026-04-09T14:51:05.304Z"
    }
},
{
    "model": "Services.providerservice",
    "pk": 58,
    "fields": {
        "provider": [
            "joseph_george33"
        ],
        "service": 32,
        "price": null,
        "experience": 2,
        "work_image": "image/upload/v1775746963/svhquvgmisryxvjugpri.jpg",
        "description": "Creative landscaping for attractive outdoor design.\r\nImproves aesthetics and property value.\r\nCustomized solutions for every space.",
        "created_at": "2026-04-09T15:02:57.231Z"
    }
},
{
    "model": "Services.providerservice",
    "pk": 59,
    "fields": {
        "provider": [
            "albin_jose34"
        ],
        "service": 33,
        "price": null,
        "experience": 4,
        "work_image": "image/upload/v1775747180/dxcns9pxjugz6i0sb8on.png",
        "description": "Professional car cleaning for a spotless finish.\r\nRemoves dirt, stains, and dust effectively.\r\nKeeps your car looking new.",
        "created_at": "2026-04-09T15:06:34.113Z"
    }
},
{
    "model": "Services.providerservice",
    "pk": 60,
    "fields": {
        "provider": [
            "tharun_krishna35"
        ],
        "service": 34,
        "price": null,
        "experience": 4,
        "work_image": "image/upload/v1775747317/vom4kxpo337butnvw2we.jpg",
        "description": "Reliable bike repair for smooth performance.\r\nHandles engine, brakes, and servicing.\r\nEnsures safe and efficient rides.",
        "created_at": "2026-04-09T15:08:50.579Z"
    }
},
{
    "model": "Services.providerservice",
    "pk": 61,
    "fields": {
        "provider": [
            "vignesh_nair36"
        ],
        "service": 35,
        "price": null,
        "experience": 9,
        "work_image": "image/upload/v1775747481/fgjdvneo3hyviqm1tiig.webp",
        "description": "Efficient car AC repair and maintenance.\r\nFixes cooling and airflow issues.\r\nEnsures comfort during travel.",
        "created_at": "2026-04-09T15:11:35.351Z"
    }
},
{
    "model": "Services.providerservice",
    "pk": 62,
    "fields": {
        "provider": [
            "libin_mathew37"
        ],
        "service": 36,
        "price": null,
        "experience": 3,
        "work_image": "image/upload/v1775747699/yxkh0e1sml7xsjd6aima.jpg",
        "description": "Quick battery replacement for vehicles.\r\nEnsures proper installation and testing.\r\nReliable and hassle-free service.",
        "created_at": "2026-04-09T15:15:12.481Z"
    }
},
{
    "model": "Services.providerservice",
    "pk": 63,
    "fields": {
        "provider": [
            "gokul_das38"
        ],
        "service": 37,
        "price": null,
        "experience": 4,
        "work_image": "image/upload/v1775747850/ocpswf1gdju9cudd0ngz.jpg",
        "description": "High-quality interior painting for fresh look.\r\nSmooth finishing with premium materials.\r\nEnhances beauty of your space.",
        "created_at": "2026-04-09T15:17:44.106Z"
    }
},
{
    "model": "Services.providerservice",
    "pk": 64,
    "fields": {
        "provider": [
            "nivin_varghese39"
        ],
        "service": 38,
        "price": null,
        "experience": 4,
        "work_image": "image/upload/v1775748066/kty0z7mzebyfztlfwoup.jpg",
        "description": "Creative wall designs to upgrade interiors.\r\nCustom patterns and modern styles available.\r\nAdds elegance and uniqueness.",
        "created_at": "2026-04-09T15:21:20.673Z"
    }
},
{
    "model": "Services.providerservice",
    "pk": 65,
    "fields": {
        "provider": [
            "febin_thomas40"
        ],
        "service": 39,
        "price": null,
        "experience": 4,
        "work_image": "image/upload/v1775748225/dbg1aiw8k4dtlsojkkbs.jpg",
        "description": "Expert tile fitting with precise alignment.\r\nDurable and clean finishing work.\r\nSuitable for floors and walls.",
        "created_at": "2026-04-09T15:23:58.684Z"
    }
},
{
    "model": "Chat.message",
    "pk": 1,
    "fields": {
        "sender": [
            "Ansil"
        ],
        "receiver": [
            "adarsh"
        ],
        "image": "",
        "content": "ccdccdccd",
        "timestamp": "2026-04-06T13:24:44.418Z",
        "is_read": false
    }
},
{
    "model": "Chat.message",
    "pk": 2,
    "fields": {
        "sender": [
            "Ansil"
        ],
        "receiver": [
            "adarsh"
        ],
        "image": "",
        "content": "nnknlk/nl/kn",
        "timestamp": "2026-04-06T15:46:17.678Z",
        "is_read": false
    }
},
{
    "model": "Chat.message",
    "pk": 3,
    "fields": {
        "sender": [
            "Appu"
        ],
        "receiver": [
            "adarsh"
        ],
        "image": "",
        "content": "hi",
        "timestamp": "2026-04-06T15:55:11.250Z",
        "is_read": false
    }
},
{
    "model": "Chat.message",
    "pk": 4,
    "fields": {
        "sender": [
            "Ansil"
        ],
        "receiver": [
            "adarsh"
        ],
        "image": "",
        "content": "kn jknjknln",
        "timestamp": "2026-04-06T16:46:44.223Z",
        "is_read": false
    }
},
{
    "model": "Chat.message",
    "pk": 6,
    "fields": {
        "sender": [
            "Ansil"
        ],
        "receiver": [
            "Ansil"
        ],
        "image": "",
        "content": "sswssss",
        "timestamp": "2026-04-07T05:10:12.280Z",
        "is_read": false
    }
},
{
    "model": "Chat.message",
    "pk": 7,
    "fields": {
        "sender": [
            "Appu"
        ],
        "receiver": [
            "Ansil"
        ],
        "image": "",
        "content": "rfefefr",
        "timestamp": "2026-04-07T05:12:50.817Z",
        "is_read": true
    }
},
{
    "model": "Chat.message",
    "pk": 8,
    "fields": {
        "sender": [
            "Ansil"
        ],
        "receiver": [
            "adarsh"
        ],
        "image": "",
        "content": "efewfwf",
        "timestamp": "2026-04-07T06:42:26.132Z",
        "is_read": false
    }
},
{
    "model": "Chat.message",
    "pk": 9,
    "fields": {
        "sender": [
            "Ansil"
        ],
        "receiver": [
            "adarsh"
        ],
        "image": "",
        "content": "feffef",
        "timestamp": "2026-04-07T06:42:31.897Z",
        "is_read": false
    }
},
{
    "model": "Chat.message",
    "pk": 10,
    "fields": {
        "sender": [
            "Ansil"
        ],
        "receiver": [
            "adarsh"
        ],
        "image": "",
        "content": "reryy",
        "timestamp": "2026-04-07T08:47:53.442Z",
        "is_read": false
    }
},
{
    "model": "Chat.message",
    "pk": 11,
    "fields": {
        "sender": [
            "Appu"
        ],
        "receiver": [
            "Ansil"
        ],
        "image": "",
        "content": "hiii my nam ei appu",
        "timestamp": "2026-04-07T09:10:28.396Z",
        "is_read": true
    }
},
{
    "model": "Chat.message",
    "pk": 12,
    "fields": {
        "sender": [
            "Appu"
        ],
        "receiver": [
            "Ansil"
        ],
        "image": "",
        "content": "hi man",
        "timestamp": "2026-04-07T10:30:32.775Z",
        "is_read": true
    }
},
{
    "model": "Chat.message",
    "pk": 13,
    "fields": {
        "sender": [
            "Ansil"
        ],
        "receiver": [
            "adarsh"
        ],
        "image": "",
        "content": "woow",
        "timestamp": "2026-04-07T10:31:05.688Z",
        "is_read": false
    }
},
{
    "model": "Chat.message",
    "pk": 14,
    "fields": {
        "sender": [
            "Ansil"
        ],
        "receiver": [
            "adarsh"
        ],
        "image": "",
        "content": "dfgdgfdgfg",
        "timestamp": "2026-04-07T11:43:31.968Z",
        "is_read": false
    }
},
{
    "model": "Chat.message",
    "pk": 15,
    "fields": {
        "sender": [
            "Appu"
        ],
        "receiver": [
            "Ansil"
        ],
        "image": "",
        "content": "wfwffffff",
        "timestamp": "2026-04-07T11:45:03.192Z",
        "is_read": true
    }
},
{
    "model": "Chat.message",
    "pk": 16,
    "fields": {
        "sender": [
            "Ansil"
        ],
        "receiver": [
            "adarsh"
        ],
        "image": "",
        "content": "ddddd",
        "timestamp": "2026-04-07T13:04:37.182Z",
        "is_read": false
    }
},
{
    "model": "Chat.message",
    "pk": 17,
    "fields": {
        "sender": [
            "Appu"
        ],
        "receiver": [
            "Ansil"
        ],
        "image": "",
        "content": "hghghghhhggh",
        "timestamp": "2026-04-07T13:06:57.665Z",
        "is_read": true
    }
},
{
    "model": "Chat.message",
    "pk": 18,
    "fields": {
        "sender": [
            "Ansil"
        ],
        "receiver": [
            "Appu"
        ],
        "image": "",
        "content": "hi i am ansil",
        "timestamp": "2026-04-07T16:07:54.649Z",
        "is_read": true
    }
},
{
    "model": "Chat.message",
    "pk": 19,
    "fields": {
        "sender": [
            "Appu"
        ],
        "receiver": [
            "Ansil"
        ],
        "image": "",
        "content": "ni happy aleeaa",
        "timestamp": "2026-04-07T16:09:26.444Z",
        "is_read": true
    }
},
{
    "model": "Chat.message",
    "pk": 20,
    "fields": {
        "sender": [
            "Ansil"
        ],
        "receiver": [
            "Appu"
        ],
        "image": "",
        "content": "allaaa",
        "timestamp": "2026-04-07T16:10:09.640Z",
        "is_read": true
    }
},
{
    "model": "Chat.message",
    "pk": 21,
    "fields": {
        "sender": [
            "Appu"
        ],
        "receiver": [
            "Ansil"
        ],
        "image": "",
        "content": "hhi",
        "timestamp": "2026-04-07T16:22:37.354Z",
        "is_read": true
    }
},
{
    "model": "Chat.message",
    "pk": 22,
    "fields": {
        "sender": [
            "Ansil"
        ],
        "receiver": [
            "Appu"
        ],
        "image": "",
        "content": "dot wery",
        "timestamp": "2026-04-07T16:24:17.477Z",
        "is_read": true
    }
},
{
    "model": "Chat.message",
    "pk": 23,
    "fields": {
        "sender": [
            "Ansil"
        ],
        "receiver": [
            "Appu"
        ],
        "image": "",
        "content": "hii",
        "timestamp": "2026-04-08T04:20:40.935Z",
        "is_read": true
    }
},
{
    "model": "Chat.message",
    "pk": 24,
    "fields": {
        "sender": [
            "Ansil"
        ],
        "receiver": [
            "Appu"
        ],
        "image": "",
        "content": "hi",
        "timestamp": "2026-04-10T08:58:35.311Z",
        "is_read": true
    }
},
{
    "model": "Chat.message",
    "pk": 25,
    "fields": {
        "sender": [
            "Appu"
        ],
        "receiver": [
            "Ansil"
        ],
        "image": "",
        "content": "hi ansil",
        "timestamp": "2026-04-10T09:35:38.764Z",
        "is_read": true
    }
},
{
    "model": "Chat.message",
    "pk": 26,
    "fields": {
        "sender": [
            "Ansil"
        ],
        "receiver": [
            "Appu"
        ],
        "image": "",
        "content": "hi appu",
        "timestamp": "2026-04-10T09:36:28.806Z",
        "is_read": true
    }
},
{
    "model": "Chat.message",
    "pk": 27,
    "fields": {
        "sender": [
            "Ansil"
        ],
        "receiver": [
            "Appu"
        ],
        "image": "",
        "content": "hi broo",
        "timestamp": "2026-04-10T09:37:39.717Z",
        "is_read": true
    }
},
{
    "model": "Chat.message",
    "pk": 28,
    "fields": {
        "sender": [
            "Appu"
        ],
        "receiver": [
            "Ansil"
        ],
        "image": "",
        "content": "halooo",
        "timestamp": "2026-04-10T09:45:24.693Z",
        "is_read": true
    }
},
{
    "model": "Chat.message",
    "pk": 29,
    "fields": {
        "sender": [
            "Ansil"
        ],
        "receiver": [
            "Appu"
        ],
        "image": "",
        "content": "hi baba",
        "timestamp": "2026-04-10T10:07:45.441Z",
        "is_read": true
    }
},
{
    "model": "Chat.message",
    "pk": 30,
    "fields": {
        "sender": [
            "Appu"
        ],
        "receiver": [
            "Ansil"
        ],
        "image": "",
        "content": "byy",
        "timestamp": "2026-04-10T10:19:45.755Z",
        "is_read": true
    }
},
{
    "model": "Chat.message",
    "pk": 31,
    "fields": {
        "sender": [
            "Ansil"
        ],
        "receiver": [
            "rahul_menon02"
        ],
        "image": "",
        "content": "hi",
        "timestamp": "2026-04-11T08:33:19.973Z",
        "is_read": false
    }
},
{
    "model": "Chat.message",
    "pk": 32,
    "fields": {
        "sender": [
            "rahul_menon02"
        ],
        "receiver": [
            "Ansil"
        ],
        "image": "",
        "content": "hellooo",
        "timestamp": "2026-04-11T08:38:35.283Z",
        "is_read": true
    }
},
{
    "model": "Chat.message",
    "pk": 33,
    "fields": {
        "sender": [
            "rahul_menon02"
        ],
        "receiver": [
            "Ansil"
        ],
        "image": "",
        "content": "byuyy",
        "timestamp": "2026-04-11T08:40:09.575Z",
        "is_read": true
    }
},
{
    "model": "Chat.message",
    "pk": 34,
    "fields": {
        "sender": [
            "Ansil"
        ],
        "receiver": [
            "Appu"
        ],
        "image": "",
        "content": "hi appu",
        "timestamp": "2026-04-12T04:45:02.422Z",
        "is_read": true
    }
},
{
    "model": "Chat.message",
    "pk": 35,
    "fields": {
        "sender": [
            "Appu"
        ],
        "receiver": [
            "Ansil"
        ],
        "image": "",
        "content": "hi ansil",
        "timestamp": "2026-04-12T04:49:48.530Z",
        "is_read": true
    }
},
{
    "model": "Chat.message",
    "pk": 36,
    "fields": {
        "sender": [
            "Ansil"
        ],
        "receiver": [
            "Appu"
        ],
        "image": "",
        "content": "heloo",
        "timestamp": "2026-04-12T04:50:07.635Z",
        "is_read": true
    }
},
{
    "model": "Chat.message",
    "pk": 37,
    "fields": {
        "sender": [
            "Appu"
        ],
        "receiver": [
            "Ansil"
        ],
        "image": "",
        "content": "sugam anoo",
        "timestamp": "2026-04-12T04:58:01.489Z",
        "is_read": true
    }
},
{
    "model": "Chat.message",
    "pk": 38,
    "fields": {
        "sender": [
            "Ansil"
        ],
        "receiver": [
            "Appu"
        ],
        "image": "",
        "content": "allaa",
        "timestamp": "2026-04-12T04:58:34.952Z",
        "is_read": true
    }
},
{
    "model": "Chat.message",
    "pk": 39,
    "fields": {
        "sender": [
            "Appu"
        ],
        "receiver": [
            "Ansil"
        ],
        "image": "",
        "content": "byy",
        "timestamp": "2026-04-12T05:26:43.925Z",
        "is_read": true
    }
},
{
    "model": "Chat.message",
    "pk": 40,
    "fields": {
        "sender": [
            "Ansil"
        ],
        "receiver": [
            "Appu"
        ],
        "image": "",
        "content": "sugam",
        "timestamp": "2026-04-12T05:27:46.448Z",
        "is_read": true
    }
},
{
    "model": "Chat.message",
    "pk": 41,
    "fields": {
        "sender": [
            "Appu"
        ],
        "receiver": [
            "Ansil"
        ],
        "image": "",
        "content": "hbhihhiul",
        "timestamp": "2026-04-12T05:28:39.569Z",
        "is_read": true
    }
},
{
    "model": "Chat.message",
    "pk": 42,
    "fields": {
        "sender": [
            "Appu"
        ],
        "receiver": [
            "Ansil"
        ],
        "image": "",
        "content": "by",
        "timestamp": "2026-04-12T05:29:10.745Z",
        "is_read": true
    }
},
{
    "model": "Chat.message",
    "pk": 43,
    "fields": {
        "sender": [
            "Ansil"
        ],
        "receiver": [
            "Appu"
        ],
        "image": "",
        "content": "hhh",
        "timestamp": "2026-04-12T06:18:32.457Z",
        "is_read": true
    }
},
{
    "model": "Chat.message",
    "pk": 44,
    "fields": {
        "sender": [
            "Ansil"
        ],
        "receiver": [
            "Appu"
        ],
        "image": "",
        "content": "hiii",
        "timestamp": "2026-04-12T11:14:53.888Z",
        "is_read": true
    }
},
{
    "model": "Chat.message",
    "pk": 45,
    "fields": {
        "sender": [
            "Ansil"
        ],
        "receiver": [
            "Appu"
        ],
        "image": "",
        "content": "jhhh",
        "timestamp": "2026-04-12T11:20:07.707Z",
        "is_read": true
    }
},
{
    "model": "Chat.message",
    "pk": 46,
    "fields": {
        "sender": [
            "Ansil"
        ],
        "receiver": [
            "Appu"
        ],
        "image": "",
        "content": "koiii",
        "timestamp": "2026-04-12T11:27:00.837Z",
        "is_read": true
    }
},
{
    "model": "Chat.message",
    "pk": 47,
    "fields": {
        "sender": [
            "Ansil"
        ],
        "receiver": [
            "Appu"
        ],
        "image": "",
        "content": "loii",
        "timestamp": "2026-04-12T11:27:23.320Z",
        "is_read": true
    }
},
{
    "model": "Chat.message",
    "pk": 48,
    "fields": {
        "sender": [
            "Ansil"
        ],
        "receiver": [
            "Appu"
        ],
        "image": "",
        "content": "hii",
        "timestamp": "2026-04-12T11:27:32.086Z",
        "is_read": true
    }
},
{
    "model": "Chat.message",
    "pk": 49,
    "fields": {
        "sender": [
            "Ansil"
        ],
        "receiver": [
            "Appu"
        ],
        "image": "",
        "content": "biiiii",
        "timestamp": "2026-04-12T11:27:52.623Z",
        "is_read": true
    }
},
{
    "model": "Chat.message",
    "pk": 50,
    "fields": {
        "sender": [
            "Ansil"
        ],
        "receiver": [
            "Appu"
        ],
        "image": "",
        "content": "rffewgr",
        "timestamp": "2026-04-12T11:41:09.892Z",
        "is_read": true
    }
},
{
    "model": "Chat.message",
    "pk": 51,
    "fields": {
        "sender": [
            "Ansil"
        ],
        "receiver": [
            "Appu"
        ],
        "image": "",
        "content": "/lkj;jjlj",
        "timestamp": "2026-04-12T11:42:09.439Z",
        "is_read": true
    }
},
{
    "model": "Chat.message",
    "pk": 52,
    "fields": {
        "sender": [
            "Ansil"
        ],
        "receiver": [
            "Appu"
        ],
        "image": "",
        "content": "wooee",
        "timestamp": "2026-04-12T11:50:32.871Z",
        "is_read": true
    }
},
{
    "model": "Chat.message",
    "pk": 53,
    "fields": {
        "sender": [
            "Ansil"
        ],
        "receiver": [
            "Appu"
        ],
        "image": "",
        "content": "hjqjbdkwed",
        "timestamp": "2026-04-12T11:50:59.541Z",
        "is_read": true
    }
},
{
    "model": "Chat.message",
    "pk": 54,
    "fields": {
        "sender": [
            "Ansil"
        ],
        "receiver": [
            "Appu"
        ],
        "image": "",
        "content": "sqwdqwd",
        "timestamp": "2026-04-12T11:51:33.542Z",
        "is_read": true
    }
},
{
    "model": "Chat.message",
    "pk": 55,
    "fields": {
        "sender": [
            "Ansil"
        ],
        "receiver": [
            "Appu"
        ],
        "image": "",
        "content": "wwwe",
        "timestamp": "2026-04-12T11:56:35.941Z",
        "is_read": true
    }
},
{
    "model": "Chat.message",
    "pk": 56,
    "fields": {
        "sender": [
            "Ansil"
        ],
        "receiver": [
            "Appu"
        ],
        "image": "",
        "content": "232232",
        "timestamp": "2026-04-12T11:57:14.914Z",
        "is_read": true
    }
},
{
    "model": "Chat.message",
    "pk": 57,
    "fields": {
        "sender": [
            "Ansil"
        ],
        "receiver": [
            "Appu"
        ],
        "image": "",
        "content": "asads",
        "timestamp": "2026-04-12T12:00:10.121Z",
        "is_read": true
    }
},
{
    "model": "Chat.message",
    "pk": 58,
    "fields": {
        "sender": [
            "Ansil"
        ],
        "receiver": [
            "Appu"
        ],
        "image": "",
        "content": "dayyy",
        "timestamp": "2026-04-12T12:00:23.021Z",
        "is_read": true
    }
},
{
    "model": "Chat.message",
    "pk": 59,
    "fields": {
        "sender": [
            "Ansil"
        ],
        "receiver": [
            "Appu"
        ],
        "image": "",
        "content": "bhb",
        "timestamp": "2026-04-12T12:00:59.135Z",
        "is_read": true
    }
},
{
    "model": "Chat.message",
    "pk": 60,
    "fields": {
        "sender": [
            "Ansil"
        ],
        "receiver": [
            "Appu"
        ],
        "image": "",
        "content": "fefegr",
        "timestamp": "2026-04-12T12:08:16.796Z",
        "is_read": true
    }
},
{
    "model": "Chat.message",
    "pk": 61,
    "fields": {
        "sender": [
            "Ansil"
        ],
        "receiver": [
            "Appu"
        ],
        "image": "",
        "content": "byyy",
        "timestamp": "2026-04-13T04:53:39.773Z",
        "is_read": true
    }
},
{
    "model": "Chat.message",
    "pk": 62,
    "fields": {
        "sender": [
            "Ansil"
        ],
        "receiver": [
            "Appu"
        ],
        "image": "",
        "content": "ggggg",
        "timestamp": "2026-04-13T04:54:15.264Z",
        "is_read": true
    }
},
{
    "model": "Chat.message",
    "pk": 63,
    "fields": {
        "sender": [
            "Ansil"
        ],
        "receiver": [
            "Appu"
        ],
        "image": "",
        "content": "hiii",
        "timestamp": "2026-04-13T05:16:27.565Z",
        "is_read": true
    }
},
{
    "model": "Chat.message",
    "pk": 64,
    "fields": {
        "sender": [
            "Appu"
        ],
        "receiver": [
            "Ansil"
        ],
        "image": "",
        "content": "oky",
        "timestamp": "2026-04-13T05:17:03.282Z",
        "is_read": true
    }
},
{
    "model": "Chat.message",
    "pk": 65,
    "fields": {
        "sender": [
            "Ansil"
        ],
        "receiver": [
            "Appu"
        ],
        "image": "",
        "content": "hi",
        "timestamp": "2026-04-13T05:23:48.122Z",
        "is_read": true
    }
},
{
    "model": "Chat.message",
    "pk": 66,
    "fields": {
        "sender": [
            "Appu"
        ],
        "receiver": [
            "Ansil"
        ],
        "image": "",
        "content": "oky",
        "timestamp": "2026-04-13T05:24:55.780Z",
        "is_read": true
    }
},
{
    "model": "Chat.message",
    "pk": 67,
    "fields": {
        "sender": [
            "Appu"
        ],
        "receiver": [
            "Ansil"
        ],
        "image": "",
        "content": "ddd",
        "timestamp": "2026-04-13T05:25:13.822Z",
        "is_read": true
    }
},
{
    "model": "Chat.message",
    "pk": 68,
    "fields": {
        "sender": [
            "Ansil"
        ],
        "receiver": [
            "Appu"
        ],
        "image": "",
        "content": "wdwdd",
        "timestamp": "2026-04-13T05:25:51.785Z",
        "is_read": true
    }
},
{
    "model": "Chat.message",
    "pk": 69,
    "fields": {
        "sender": [
            "Ansil"
        ],
        "receiver": [
            "Appu"
        ],
        "image": "",
        "content": "qwwww",
        "timestamp": "2026-04-13T05:26:22.269Z",
        "is_read": true
    }
},
{
    "model": "Chat.message",
    "pk": 70,
    "fields": {
        "sender": [
            "Ansil"
        ],
        "receiver": [
            "Appu"
        ],
        "image": "",
        "content": "wddd",
        "timestamp": "2026-04-13T05:26:46.768Z",
        "is_read": true
    }
},
{
    "model": "Chat.message",
    "pk": 71,
    "fields": {
        "sender": [
            "Ansil"
        ],
        "receiver": [
            "Appu"
        ],
        "image": "",
        "content": "wefwe",
        "timestamp": "2026-04-13T06:19:15.776Z",
        "is_read": true
    }
},
{
    "model": "Chat.message",
    "pk": 72,
    "fields": {
        "sender": [
            "Ansil"
        ],
        "receiver": [
            "Appu"
        ],
        "image": "",
        "content": "eee",
        "timestamp": "2026-04-13T06:19:24.573Z",
        "is_read": true
    }
},
{
    "model": "Chat.message",
    "pk": 73,
    "fields": {
        "sender": [
            "Ansil"
        ],
        "receiver": [
            "Appu"
        ],
        "image": "",
        "content": "kiii",
        "timestamp": "2026-04-13T08:53:04.494Z",
        "is_read": true
    }
},
{
    "model": "Chat.message",
    "pk": 74,
    "fields": {
        "sender": [
            "Ansil"
        ],
        "receiver": [
            "Appu"
        ],
        "image": "",
        "content": "daa ",
        "timestamp": "2026-04-13T09:14:32.171Z",
        "is_read": true
    }
},
{
    "model": "Chat.message",
    "pk": 75,
    "fields": {
        "sender": [
            "Ansil"
        ],
        "receiver": [
            "Appu"
        ],
        "image": "",
        "content": "hiii",
        "timestamp": "2026-04-13T09:34:18.590Z",
        "is_read": true
    }
},
{
    "model": "Chat.message",
    "pk": 76,
    "fields": {
        "sender": [
            "Appu"
        ],
        "receiver": [
            "Ansil"
        ],
        "image": "",
        "content": "ok",
        "timestamp": "2026-04-13T09:58:04.757Z",
        "is_read": true
    }
},
{
    "model": "Chat.message",
    "pk": 77,
    "fields": {
        "sender": [
            "Appu"
        ],
        "receiver": [
            "Ansil"
        ],
        "image": "",
        "content": "yess",
        "timestamp": "2026-04-13T09:58:22.613Z",
        "is_read": true
    }
},
{
    "model": "Chat.message",
    "pk": 78,
    "fields": {
        "sender": [
            "Appu"
        ],
        "receiver": [
            "Ansil"
        ],
        "image": "",
        "content": "hooo",
        "timestamp": "2026-04-13T09:58:38.442Z",
        "is_read": true
    }
},
{
    "model": "Chat.message",
    "pk": 79,
    "fields": {
        "sender": [
            "Appu"
        ],
        "receiver": [
            "Ansil"
        ],
        "image": "",
        "content": "oiii",
        "timestamp": "2026-04-13T12:54:51.187Z",
        "is_read": true
    }
},
{
    "model": "Chat.message",
    "pk": 80,
    "fields": {
        "sender": [
            "Appu"
        ],
        "receiver": [
            "Ansil"
        ],
        "image": "",
        "content": "helooo",
        "timestamp": "2026-04-13T13:09:48.418Z",
        "is_read": true
    }
},
{
    "model": "Chat.message",
    "pk": 81,
    "fields": {
        "sender": [
            "Appu"
        ],
        "receiver": [
            "Ansil"
        ],
        "image": "",
        "content": "hellooo",
        "timestamp": "2026-04-13T13:10:12.332Z",
        "is_read": true
    }
},
{
    "model": "Chat.message",
    "pk": 82,
    "fields": {
        "sender": [
            "Appu"
        ],
        "receiver": [
            "Ansil"
        ],
        "image": "",
        "content": "hiiii",
        "timestamp": "2026-04-13T13:10:40.052Z",
        "is_read": true
    }
},
{
    "model": "Chat.message",
    "pk": 83,
    "fields": {
        "sender": [
            "Appu"
        ],
        "receiver": [
            "Ansil"
        ],
        "image": "",
        "content": "frfrfr",
        "timestamp": "2026-04-14T04:05:02.273Z",
        "is_read": true
    }
},
{
    "model": "Chat.message",
    "pk": 84,
    "fields": {
        "sender": [
            "Appu"
        ],
        "receiver": [
            "Ansil"
        ],
        "image": "",
        "content": "sss",
        "timestamp": "2026-04-14T04:05:15.272Z",
        "is_read": true
    }
},
{
    "model": "Chat.message",
    "pk": 85,
    "fields": {
        "sender": [
            "Ansil"
        ],
        "receiver": [
            "Appu"
        ],
        "image": "",
        "content": "hiiiii",
        "timestamp": "2026-04-14T04:43:10.805Z",
        "is_read": true
    }
},
{
    "model": "Chat.message",
    "pk": 86,
    "fields": {
        "sender": [
            "Ansil"
        ],
        "receiver": [
            "Appu"
        ],
        "image": "",
        "content": "daaaa",
        "timestamp": "2026-04-14T04:44:34.194Z",
        "is_read": true
    }
},
{
    "model": "Chat.message",
    "pk": 87,
    "fields": {
        "sender": [
            "Ansil"
        ],
        "receiver": [
            "Appu"
        ],
        "image": "",
        "content": "hii",
        "timestamp": "2026-04-14T04:45:19.531Z",
        "is_read": true
    }
},
{
    "model": "Chat.message",
    "pk": 88,
    "fields": {
        "sender": [
            "Appu"
        ],
        "receiver": [
            "Ansil"
        ],
        "image": "",
        "content": "ffff",
        "timestamp": "2026-04-14T05:02:54.840Z",
        "is_read": true
    }
},
{
    "model": "Chat.message",
    "pk": 89,
    "fields": {
        "sender": [
            "Appu"
        ],
        "receiver": [
            "Ansil"
        ],
        "image": "",
        "content": "fffff",
        "timestamp": "2026-04-14T05:03:15.566Z",
        "is_read": true
    }
},
{
    "model": "Chat.message",
    "pk": 90,
    "fields": {
        "sender": [
            "Ansil"
        ],
        "receiver": [
            "Appu"
        ],
        "image": "",
        "content": "dsdsds",
        "timestamp": "2026-04-14T05:04:21.101Z",
        "is_read": true
    }
},
{
    "model": "Chat.message",
    "pk": 91,
    "fields": {
        "sender": [
            "Appu"
        ],
        "receiver": [
            "Ansil"
        ],
        "image": "",
        "content": "ssds",
        "timestamp": "2026-04-14T05:04:38.051Z",
        "is_read": true
    }
},
{
    "model": "Chat.message",
    "pk": 92,
    "fields": {
        "sender": [
            "Appu"
        ],
        "receiver": [
            "Ansil"
        ],
        "image": "",
        "content": "asasas",
        "timestamp": "2026-04-14T05:05:05.075Z",
        "is_read": true
    }
},
{
    "model": "Chat.message",
    "pk": 93,
    "fields": {
        "sender": [
            "Appu"
        ],
        "receiver": [
            "Ansil"
        ],
        "image": "",
        "content": "sdsd",
        "timestamp": "2026-04-14T05:09:26.825Z",
        "is_read": true
    }
},
{
    "model": "Chat.message",
    "pk": 94,
    "fields": {
        "sender": [
            "Appu"
        ],
        "receiver": [
            "Ansil"
        ],
        "image": "",
        "content": "sasas",
        "timestamp": "2026-04-14T05:09:36.947Z",
        "is_read": true
    }
},
{
    "model": "Chat.message",
    "pk": 95,
    "fields": {
        "sender": [
            "Ansil"
        ],
        "receiver": [
            "Appu"
        ],
        "image": "",
        "content": "swsss",
        "timestamp": "2026-04-14T05:13:18.461Z",
        "is_read": true
    }
},
{
    "model": "Chat.message",
    "pk": 96,
    "fields": {
        "sender": [
            "Ansil"
        ],
        "receiver": [
            "Appu"
        ],
        "image": "",
        "content": "sss",
        "timestamp": "2026-04-14T05:14:09.570Z",
        "is_read": true
    }
},
{
    "model": "Chat.message",
    "pk": 97,
    "fields": {
        "sender": [
            "Ansil"
        ],
        "receiver": [
            "Appu"
        ],
        "image": "",
        "content": "sss",
        "timestamp": "2026-04-14T05:14:22.011Z",
        "is_read": true
    }
},
{
    "model": "Chat.message",
    "pk": 98,
    "fields": {
        "sender": [
            "Ansil"
        ],
        "receiver": [
            "Appu"
        ],
        "image": "",
        "content": "ssss",
        "timestamp": "2026-04-14T05:14:59.725Z",
        "is_read": true
    }
},
{
    "model": "Chat.message",
    "pk": 99,
    "fields": {
        "sender": [
            "Ansil"
        ],
        "receiver": [
            "Appu"
        ],
        "image": "",
        "content": "ss",
        "timestamp": "2026-04-14T05:15:07.962Z",
        "is_read": true
    }
},
{
    "model": "Chat.message",
    "pk": 100,
    "fields": {
        "sender": [
            "Ansil"
        ],
        "receiver": [
            "Appu"
        ],
        "image": "",
        "content": "ddsd",
        "timestamp": "2026-04-14T08:54:52.752Z",
        "is_read": true
    }
},
{
    "model": "Chat.message",
    "pk": 101,
    "fields": {
        "sender": [
            "Ansil"
        ],
        "receiver": [
            "Appu"
        ],
        "image": "",
        "content": "cdcdc",
        "timestamp": "2026-04-14T08:55:06.818Z",
        "is_read": true
    }
},
{
    "model": "Chat.message",
    "pk": 102,
    "fields": {
        "sender": [
            "Ansil"
        ],
        "receiver": [
            "Appu"
        ],
        "image": "",
        "content": "sss",
        "timestamp": "2026-04-14T09:03:44.601Z",
        "is_read": true
    }
},
{
    "model": "Chat.message",
    "pk": 103,
    "fields": {
        "sender": [
            "Appu"
        ],
        "receiver": [
            "Ansil"
        ],
        "image": "",
        "content": "tttt",
        "timestamp": "2026-04-14T09:26:50.017Z",
        "is_read": true
    }
},
{
    "model": "Chat.message",
    "pk": 104,
    "fields": {
        "sender": [
            "Ansil"
        ],
        "receiver": [
            "Appu"
        ],
        "image": "",
        "content": "ssss",
        "timestamp": "2026-04-16T05:28:16.622Z",
        "is_read": true
    }
},
{
    "model": "Chat.message",
    "pk": 105,
    "fields": {
        "sender": [
            "Ansil"
        ],
        "receiver": [
            "Appu"
        ],
        "image": "image/upload/v1776324155/mrvjpctyjmlhrw9oq8im.jpg",
        "content": "",
        "timestamp": "2026-04-16T07:22:56.593Z",
        "is_read": true
    }
},
{
    "model": "Chat.message",
    "pk": 106,
    "fields": {
        "sender": [
            "Appu"
        ],
        "receiver": [
            "Ansil"
        ],
        "image": "image/upload/v1776326492/ddlw500mis3qwracper8.jpg",
        "content": "",
        "timestamp": "2026-04-16T08:01:54.445Z",
        "is_read": true
    }
},
{
    "model": "Chat.message",
    "pk": 107,
    "fields": {
        "sender": [
            "Appu"
        ],
        "receiver": [
            "Ansil"
        ],
        "image": "image/upload/v1776326500/a6jkc0kvnpz3qp4mkdev.jpg",
        "content": "",
        "timestamp": "2026-04-16T08:02:01.716Z",
        "is_read": true
    }
},
{
    "model": "Chat.message",
    "pk": 108,
    "fields": {
        "sender": [
            "Ansil"
        ],
        "receiver": [
            "Appu"
        ],
        "image": "",
        "content": "ccc",
        "timestamp": "2026-04-16T08:08:53.699Z",
        "is_read": true
    }
},
{
    "model": "Chat.message",
    "pk": 109,
    "fields": {
        "sender": [
            "Ansil"
        ],
        "receiver": [
            "Appu"
        ],
        "image": "image/upload/v1776326933/h7os4rxhlm2xsvmpgezz.jpg",
        "content": "",
        "timestamp": "2026-04-16T08:09:14.850Z",
        "is_read": true
    }
},
{
    "model": "Chat.message",
    "pk": 110,
    "fields": {
        "sender": [
            "Ansil"
        ],
        "receiver": [
            "Appu"
        ],
        "image": "image/upload/v1776326986/vsluwrgf5hn3yudtpm95.jpg",
        "content": "",
        "timestamp": "2026-04-16T08:10:08.064Z",
        "is_read": true
    }
},
{
    "model": "Chat.message",
    "pk": 111,
    "fields": {
        "sender": [
            "Ansil"
        ],
        "receiver": [
            "Appu"
        ],
        "image": "image/upload/v1776328892/gou9wfhdfan8oqoq5nt8.jpg",
        "content": "",
        "timestamp": "2026-04-16T08:41:53.899Z",
        "is_read": true
    }
},
{
    "model": "Chat.message",
    "pk": 112,
    "fields": {
        "sender": [
            "Ansil"
        ],
        "receiver": [
            "Appu"
        ],
        "image": "chat_images/diy-painting.jpg",
        "content": "",
        "timestamp": "2026-04-16T08:49:21.023Z",
        "is_read": true
    }
},
{
    "model": "Chat.message",
    "pk": 113,
    "fields": {
        "sender": [
            "Ansil"
        ],
        "receiver": [
            "Appu"
        ],
        "image": "chat_images/battary_rplace.jpg",
        "content": "",
        "timestamp": "2026-04-16T08:53:57.375Z",
        "is_read": true
    }
},
{
    "model": "Chat.message",
    "pk": 114,
    "fields": {
        "sender": [
            "Ansil"
        ],
        "receiver": [
            "Appu"
        ],
        "image": "chat_images/diy-painting_dotBvrf.jpg",
        "content": "",
        "timestamp": "2026-04-16T09:09:04.034Z",
        "is_read": true
    }
},
{
    "model": "Chat.message",
    "pk": 115,
    "fields": {
        "sender": [
            "Ansil"
        ],
        "receiver": [
            "Appu"
        ],
        "image": "chat_images/car_ac.jpg",
        "content": "",
        "timestamp": "2026-04-16T09:09:30.203Z",
        "is_read": true
    }
},
{
    "model": "Chat.message",
    "pk": 116,
    "fields": {
        "sender": [
            "Ansil"
        ],
        "receiver": [
            "Appu"
        ],
        "image": "chat_images/diy-painting_9nZNoVy.jpg",
        "content": "",
        "timestamp": "2026-04-16T09:10:17.101Z",
        "is_read": true
    }
},
{
    "model": "Chat.message",
    "pk": 117,
    "fields": {
        "sender": [
            "Ansil"
        ],
        "receiver": [
            "Appu"
        ],
        "image": "chat_images/bike_repaire.jpg",
        "content": "",
        "timestamp": "2026-04-16T09:10:24.504Z",
        "is_read": true
    }
},
{
    "model": "Chat.message",
    "pk": 118,
    "fields": {
        "sender": [
            "Ansil"
        ],
        "receiver": [
            "Appu"
        ],
        "image": "chat_images/car-wash-man.png",
        "content": "",
        "timestamp": "2026-04-16T09:11:08.952Z",
        "is_read": true
    }
},
{
    "model": "Chat.message",
    "pk": 119,
    "fields": {
        "sender": [
            "Appu"
        ],
        "receiver": [
            "Ansil"
        ],
        "image": "",
        "content": "helooo",
        "timestamp": "2026-04-17T17:18:31.598Z",
        "is_read": true
    }
},
{
    "model": "Chat.message",
    "pk": 120,
    "fields": {
        "sender": [
            "Appu"
        ],
        "receiver": [
            "Ansil"
        ],
        "image": "",
        "content": "hbbhbb",
        "timestamp": "2026-04-17T17:18:51.638Z",
        "is_read": true
    }
},
{
    "model": "Chat.message",
    "pk": 121,
    "fields": {
        "sender": [
            "Appu"
        ],
        "receiver": [
            "Ansil"
        ],
        "image": "",
        "content": "hiii",
        "timestamp": "2026-04-17T17:29:51.029Z",
        "is_read": true
    }
},
{
    "model": "Chat.message",
    "pk": 122,
    "fields": {
        "sender": [
            "Appu"
        ],
        "receiver": [
            "Ansil"
        ],
        "image": "",
        "content": "hii",
        "timestamp": "2026-04-17T17:31:09.721Z",
        "is_read": true
    }
},
{
    "model": "Chat.message",
    "pk": 123,
    "fields": {
        "sender": [
            "Ansil"
        ],
        "receiver": [
            "Appu"
        ],
        "image": "",
        "content": "cdccc",
        "timestamp": "2026-04-18T10:38:16.281Z",
        "is_read": true
    }
},
{
    "model": "Chat.message",
    "pk": 124,
    "fields": {
        "sender": [
            "Appu"
        ],
        "receiver": [
            "Ansil"
        ],
        "image": "",
        "content": "hii",
        "timestamp": "2026-04-18T10:49:12.592Z",
        "is_read": true
    }
},
{
    "model": "Booking.booking",
    "pk": 1,
    "fields": {
        "user": [
            "adarsh"
        ],
        "provider": 6,
        "booking_date": "2026-03-19",
        "booking_time": "18:09:00",
        "status": "pending",
        "payment_status": "pending",
        "created_at": "2026-03-18T06:18:26.934Z",
        "razorpay_order_id": null,
        "razorpay_payment_id": null
    }
},
{
    "model": "Booking.booking",
    "pk": 4,
    "fields": {
        "user": [
            "adarsh"
        ],
        "provider": 6,
        "booking_date": "2026-03-25",
        "booking_time": "18:17:00",
        "status": "pending",
        "payment_status": "pending",
        "created_at": "2026-03-19T15:59:06.912Z",
        "razorpay_order_id": null,
        "razorpay_payment_id": null
    }
},
{
    "model": "Booking.booking",
    "pk": 5,
    "fields": {
        "user": [
            "adarsh"
        ],
        "provider": 6,
        "booking_date": "2026-03-27",
        "booking_time": "10:20:00",
        "status": "pending",
        "payment_status": "pending",
        "created_at": "2026-03-19T16:39:21.725Z",
        "razorpay_order_id": null,
        "razorpay_payment_id": null
    }
},
{
    "model": "Booking.booking",
    "pk": 6,
    "fields": {
        "user": [
            "adarsh"
        ],
        "provider": 6,
        "booking_date": "2026-04-03",
        "booking_time": "23:14:00",
        "status": "completed",
        "payment_status": "pending",
        "created_at": "2026-03-19T16:42:34.795Z",
        "razorpay_order_id": null,
        "razorpay_payment_id": null
    }
},
{
    "model": "Booking.booking",
    "pk": 7,
    "fields": {
        "user": [
            "adarsh"
        ],
        "provider": 6,
        "booking_date": "2026-03-25",
        "booking_time": "22:13:00",
        "status": "accepted",
        "payment_status": "pending",
        "created_at": "2026-03-24T05:21:53.334Z",
        "razorpay_order_id": null,
        "razorpay_payment_id": null
    }
},
{
    "model": "Booking.booking",
    "pk": 8,
    "fields": {
        "user": [
            "Ansil"
        ],
        "provider": 6,
        "booking_date": "2026-04-01",
        "booking_time": "20:09:00",
        "status": "completed",
        "payment_status": "paid",
        "created_at": "2026-03-25T11:53:22.293Z",
        "razorpay_order_id": "order_SXKlwaZM1OYcci",
        "razorpay_payment_id": "pay_SXKmo0tSKhq89x"
    }
},
{
    "model": "Booking.booking",
    "pk": 9,
    "fields": {
        "user": [
            "Ansil"
        ],
        "provider": 6,
        "booking_date": "2026-04-02",
        "booking_time": "23:18:00",
        "status": "completed",
        "payment_status": "paid",
        "created_at": "2026-03-25T12:10:12.815Z",
        "razorpay_order_id": "order_SYZm9bHdRszPVc",
        "razorpay_payment_id": "pay_SYZmHr5qaX5347"
    }
},
{
    "model": "Booking.booking",
    "pk": 10,
    "fields": {
        "user": [
            "Ansil"
        ],
        "provider": 6,
        "booking_date": "2026-04-22",
        "booking_time": "12:15:00",
        "status": "pending",
        "payment_status": "pending",
        "created_at": "2026-04-10T09:38:21.965Z",
        "razorpay_order_id": null,
        "razorpay_payment_id": null
    }
},
{
    "model": "Booking.booking",
    "pk": 11,
    "fields": {
        "user": [
            "Ansil"
        ],
        "provider": 6,
        "booking_date": "2026-04-22",
        "booking_time": "09:17:00",
        "status": "accepted",
        "payment_status": "pending",
        "created_at": "2026-04-10T10:15:33.836Z",
        "razorpay_order_id": null,
        "razorpay_payment_id": null
    }
},
{
    "model": "Booking.booking",
    "pk": 12,
    "fields": {
        "user": [
            "Ansil"
        ],
        "provider": 27,
        "booking_date": "2026-04-18",
        "booking_time": "00:10:00",
        "status": "completed",
        "payment_status": "pending",
        "created_at": "2026-04-11T08:32:23.754Z",
        "razorpay_order_id": null,
        "razorpay_payment_id": null
    }
},
{
    "model": "Booking.booking",
    "pk": 13,
    "fields": {
        "user": [
            "Ansil"
        ],
        "provider": 56,
        "booking_date": "2026-04-22",
        "booking_time": "22:12:00",
        "status": "pending",
        "payment_status": "pending",
        "created_at": "2026-04-11T08:58:36.002Z",
        "razorpay_order_id": null,
        "razorpay_payment_id": null
    }
},
{
    "model": "Booking.booking",
    "pk": 14,
    "fields": {
        "user": [
            "Ansil"
        ],
        "provider": 6,
        "booking_date": "2026-04-17",
        "booking_time": "05:18:00",
        "status": "pending",
        "payment_status": "pending",
        "created_at": "2026-04-12T11:02:20.605Z",
        "razorpay_order_id": null,
        "razorpay_payment_id": null
    }
},
{
    "model": "Booking.booking",
    "pk": 15,
    "fields": {
        "user": [
            "Ansil"
        ],
        "provider": 6,
        "booking_date": "2026-04-15",
        "booking_time": "07:04:00",
        "status": "pending",
        "payment_status": "pending",
        "created_at": "2026-04-13T09:19:40.040Z",
        "razorpay_order_id": null,
        "razorpay_payment_id": null
    }
},
{
    "model": "Booking.booking",
    "pk": 16,
    "fields": {
        "user": [
            "Ansil"
        ],
        "provider": 6,
        "booking_date": "2026-04-17",
        "booking_time": "09:07:00",
        "status": "pending",
        "payment_status": "pending",
        "created_at": "2026-04-14T07:04:35.907Z",
        "razorpay_order_id": null,
        "razorpay_payment_id": null
    }
},
{
    "model": "Booking.booking",
    "pk": 17,
    "fields": {
        "user": [
            "Ansil"
        ],
        "provider": 6,
        "booking_date": "2026-04-24",
        "booking_time": "10:18:00",
        "status": "pending",
        "payment_status": "pending",
        "created_at": "2026-04-14T07:06:18.936Z",
        "razorpay_order_id": null,
        "razorpay_payment_id": null
    }
},
{
    "model": "Booking.booking",
    "pk": 18,
    "fields": {
        "user": [
            "Ansil"
        ],
        "provider": 6,
        "booking_date": "2026-04-30",
        "booking_time": "10:18:00",
        "status": "pending",
        "payment_status": "pending",
        "created_at": "2026-04-14T07:12:44.310Z",
        "razorpay_order_id": null,
        "razorpay_payment_id": null
    }
},
{
    "model": "Booking.booking",
    "pk": 19,
    "fields": {
        "user": [
            "Ansil"
        ],
        "provider": 6,
        "booking_date": "2026-05-01",
        "booking_time": "21:09:00",
        "status": "pending",
        "payment_status": "pending",
        "created_at": "2026-04-14T07:13:08.695Z",
        "razorpay_order_id": null,
        "razorpay_payment_id": null
    }
},
{
    "model": "Booking.booking",
    "pk": 20,
    "fields": {
        "user": [
            "Ansil"
        ],
        "provider": 6,
        "booking_date": "2026-04-18",
        "booking_time": "22:17:00",
        "status": "pending",
        "payment_status": "pending",
        "created_at": "2026-04-14T08:03:38.812Z",
        "razorpay_order_id": null,
        "razorpay_payment_id": null
    }
},
{
    "model": "Booking.booking",
    "pk": 21,
    "fields": {
        "user": [
            "Ansil"
        ],
        "provider": 6,
        "booking_date": "2026-04-27",
        "booking_time": "22:17:00",
        "status": "pending",
        "payment_status": "pending",
        "created_at": "2026-04-14T08:05:08.978Z",
        "razorpay_order_id": null,
        "razorpay_payment_id": null
    }
},
{
    "model": "Booking.booking",
    "pk": 22,
    "fields": {
        "user": [
            "Ansil"
        ],
        "provider": 6,
        "booking_date": "2026-04-21",
        "booking_time": "18:10:00",
        "status": "pending",
        "payment_status": "pending",
        "created_at": "2026-04-14T10:58:39.988Z",
        "razorpay_order_id": null,
        "razorpay_payment_id": null
    }
},
{
    "model": "Booking.booking",
    "pk": 23,
    "fields": {
        "user": [
            "Ansil"
        ],
        "provider": 6,
        "booking_date": "2026-04-14",
        "booking_time": "18:10:00",
        "status": "pending",
        "payment_status": "pending",
        "created_at": "2026-04-14T10:59:45.561Z",
        "razorpay_order_id": null,
        "razorpay_payment_id": null
    }
},
{
    "model": "Booking.booking",
    "pk": 24,
    "fields": {
        "user": [
            "Ansil"
        ],
        "provider": 6,
        "booking_date": "2026-04-15",
        "booking_time": "18:10:00",
        "status": "pending",
        "payment_status": "pending",
        "created_at": "2026-04-14T11:00:40.046Z",
        "razorpay_order_id": null,
        "razorpay_payment_id": null
    }
},
{
    "model": "Booking.booking",
    "pk": 25,
    "fields": {
        "user": [
            "Ansil"
        ],
        "provider": 6,
        "booking_date": "2026-04-23",
        "booking_time": "12:13:00",
        "status": "pending",
        "payment_status": "pending",
        "created_at": "2026-04-14T11:25:29.721Z",
        "razorpay_order_id": null,
        "razorpay_payment_id": null
    }
},
{
    "model": "Booking.booking",
    "pk": 26,
    "fields": {
        "user": [
            "Ansil"
        ],
        "provider": 6,
        "booking_date": "2026-04-22",
        "booking_time": "19:13:00",
        "status": "pending",
        "payment_status": "pending",
        "created_at": "2026-04-14T11:47:03.516Z",
        "razorpay_order_id": null,
        "razorpay_payment_id": null
    }
},
{
    "model": "Booking.booking",
    "pk": 27,
    "fields": {
        "user": [
            "Ansil"
        ],
        "provider": 6,
        "booking_date": "2026-04-25",
        "booking_time": "19:13:00",
        "status": "pending",
        "payment_status": "pending",
        "created_at": "2026-04-14T11:49:42.180Z",
        "razorpay_order_id": null,
        "razorpay_payment_id": null
    }
},
{
    "model": "Booking.booking",
    "pk": 28,
    "fields": {
        "user": [
            "Ansil"
        ],
        "provider": 6,
        "booking_date": "2026-04-14",
        "booking_time": "19:13:00",
        "status": "pending",
        "payment_status": "pending",
        "created_at": "2026-04-14T12:03:07.206Z",
        "razorpay_order_id": null,
        "razorpay_payment_id": null
    }
},
{
    "model": "Booking.booking",
    "pk": 29,
    "fields": {
        "user": [
            "Ansil"
        ],
        "provider": 6,
        "booking_date": "2026-04-16",
        "booking_time": "21:13:00",
        "status": "pending",
        "payment_status": "pending",
        "created_at": "2026-04-14T12:05:06.605Z",
        "razorpay_order_id": null,
        "razorpay_payment_id": null
    }
},
{
    "model": "Booking.booking",
    "pk": 30,
    "fields": {
        "user": [
            "Ansil"
        ],
        "provider": 6,
        "booking_date": "2026-04-22",
        "booking_time": "21:13:00",
        "status": "pending",
        "payment_status": "pending",
        "created_at": "2026-04-14T12:06:54.014Z",
        "razorpay_order_id": null,
        "razorpay_payment_id": null
    }
},
{
    "model": "Booking.booking",
    "pk": 31,
    "fields": {
        "user": [
            "Appu"
        ],
        "provider": 61,
        "booking_date": "2026-04-30",
        "booking_time": "08:17:00",
        "status": "pending",
        "payment_status": "pending",
        "created_at": "2026-04-17T11:18:53.840Z",
        "razorpay_order_id": null,
        "razorpay_payment_id": null
    }
},
{
    "model": "Booking.booking",
    "pk": 32,
    "fields": {
        "user": [
            "Ansil"
        ],
        "provider": 6,
        "booking_date": "2026-04-29",
        "booking_time": "18:15:00",
        "status": "pending",
        "payment_status": "pending",
        "created_at": "2026-04-18T11:22:01.594Z",
        "razorpay_order_id": null,
        "razorpay_payment_id": null
    }
},
{
    "model": "Booking.bill",
    "pk": 1,
    "fields": {
        "booking": 6,
        "amount": "1000.00",
        "description": "thank you ",
        "created_at": "2026-03-22T07:01:31.242Z"
    }
},
{
    "model": "Booking.bill",
    "pk": 2,
    "fields": {
        "booking": 8,
        "amount": "1000.00",
        "description": "thank you ",
        "created_at": "2026-03-25T12:04:55.446Z"
    }
},
{
    "model": "Booking.bill",
    "pk": 3,
    "fields": {
        "booking": 9,
        "amount": "40000.00",
        "description": "happy",
        "created_at": "2026-04-02T08:59:07.946Z"
    }
},
{
    "model": "Booking.bill",
    "pk": 4,
    "fields": {
        "booking": 12,
        "amount": "10000.00",
        "description": "thanks",
        "created_at": "2026-04-11T08:41:39.853Z"
    }
},
{
    "model": "Notfications.notfication",
    "pk": 1,
    "fields": {
        "sender": null,
        "recipient": [
            "adarsh"
        ],
        "message": "Your booking has been placed",
        "is_read": true,
        "related_booking": 4,
        "created_at": "2026-03-19T15:59:07.058Z"
    }
},
{
    "model": "Notfications.notfication",
    "pk": 2,
    "fields": {
        "sender": null,
        "recipient": [
            "adarsh"
        ],
        "message": "Your booking has been placed",
        "is_read": true,
        "related_booking": 6,
        "created_at": "2026-03-19T16:42:34.802Z"
    }
},
{
    "model": "Notfications.notfication",
    "pk": 3,
    "fields": {
        "sender": null,
        "recipient": [
            "Appu"
        ],
        "message": "You received a new booking",
        "is_read": true,
        "related_booking": 6,
        "created_at": "2026-03-19T16:42:34.804Z"
    }
},
{
    "model": "Notfications.notfication",
    "pk": 4,
    "fields": {
        "sender": null,
        "recipient": [
            "adarsh"
        ],
        "message": "Your booking is accepted",
        "is_read": true,
        "related_booking": 6,
        "created_at": "2026-03-21T16:10:47.319Z"
    }
},
{
    "model": "Notfications.notfication",
    "pk": 5,
    "fields": {
        "sender": null,
        "recipient": [
            "adarsh"
        ],
        "message": "Your service is completed. Bill amount: ₹1000",
        "is_read": true,
        "related_booking": 6,
        "created_at": "2026-03-22T07:01:31.385Z"
    }
},
{
    "model": "Notfications.notfication",
    "pk": 6,
    "fields": {
        "sender": null,
        "recipient": [
            "adarsh"
        ],
        "message": "Your booking has been placed",
        "is_read": true,
        "related_booking": 7,
        "created_at": "2026-03-24T05:21:53.477Z"
    }
},
{
    "model": "Notfications.notfication",
    "pk": 7,
    "fields": {
        "sender": null,
        "recipient": [
            "Appu"
        ],
        "message": "You received a new booking",
        "is_read": true,
        "related_booking": 7,
        "created_at": "2026-03-24T05:21:53.486Z"
    }
},
{
    "model": "Notfications.notfication",
    "pk": 8,
    "fields": {
        "sender": null,
        "recipient": [
            "Ansil"
        ],
        "message": "Your booking has been placed",
        "is_read": true,
        "related_booking": 8,
        "created_at": "2026-03-25T11:53:22.461Z"
    }
},
{
    "model": "Notfications.notfication",
    "pk": 9,
    "fields": {
        "sender": null,
        "recipient": [
            "Appu"
        ],
        "message": "You received a new booking",
        "is_read": true,
        "related_booking": 8,
        "created_at": "2026-03-25T11:53:22.467Z"
    }
},
{
    "model": "Notfications.notfication",
    "pk": 10,
    "fields": {
        "sender": null,
        "recipient": [
            "Ansil"
        ],
        "message": "Your booking is accepted",
        "is_read": true,
        "related_booking": 8,
        "created_at": "2026-03-25T11:58:33.212Z"
    }
},
{
    "model": "Notfications.notfication",
    "pk": 11,
    "fields": {
        "sender": null,
        "recipient": [
            "Ansil"
        ],
        "message": "Your service is completed. Bill amount: ₹1000",
        "is_read": true,
        "related_booking": 8,
        "created_at": "2026-03-25T12:04:55.578Z"
    }
},
{
    "model": "Notfications.notfication",
    "pk": 12,
    "fields": {
        "sender": null,
        "recipient": [
            "Ansil"
        ],
        "message": "Your booking has been placed",
        "is_read": true,
        "related_booking": 9,
        "created_at": "2026-03-25T12:10:12.818Z"
    }
},
{
    "model": "Notfications.notfication",
    "pk": 13,
    "fields": {
        "sender": null,
        "recipient": [
            "Appu"
        ],
        "message": "You received a new booking",
        "is_read": true,
        "related_booking": 9,
        "created_at": "2026-03-25T12:10:12.821Z"
    }
},
{
    "model": "Notfications.notfication",
    "pk": 14,
    "fields": {
        "sender": null,
        "recipient": [
            "Ansil"
        ],
        "message": "Your booking is accepted",
        "is_read": true,
        "related_booking": 9,
        "created_at": "2026-03-25T12:11:59.952Z"
    }
},
{
    "model": "Notfications.notfication",
    "pk": 15,
    "fields": {
        "sender": null,
        "recipient": [
            "Ansil"
        ],
        "message": "Your service is completed. Bill amount: ₹40000",
        "is_read": true,
        "related_booking": 9,
        "created_at": "2026-04-02T08:59:07.962Z"
    }
},
{
    "model": "Notfications.notfication",
    "pk": 16,
    "fields": {
        "sender": null,
        "recipient": [
            "adarsh"
        ],
        "message": "Your booking is accepted",
        "is_read": true,
        "related_booking": 7,
        "created_at": "2026-04-02T09:31:24.635Z"
    }
},
{
    "model": "Notfications.notfication",
    "pk": 17,
    "fields": {
        "sender": null,
        "recipient": [
            "Ansil"
        ],
        "message": "Your booking has been placed",
        "is_read": true,
        "related_booking": 10,
        "created_at": "2026-04-10T09:38:21.973Z"
    }
},
{
    "model": "Notfications.notfication",
    "pk": 18,
    "fields": {
        "sender": null,
        "recipient": [
            "Appu"
        ],
        "message": "You received a new booking",
        "is_read": true,
        "related_booking": 10,
        "created_at": "2026-04-10T09:38:21.982Z"
    }
},
{
    "model": "Notfications.notfication",
    "pk": 19,
    "fields": {
        "sender": null,
        "recipient": [
            "Ansil"
        ],
        "message": "Your booking has been placed",
        "is_read": true,
        "related_booking": 11,
        "created_at": "2026-04-10T10:15:33.841Z"
    }
},
{
    "model": "Notfications.notfication",
    "pk": 20,
    "fields": {
        "sender": null,
        "recipient": [
            "Appu"
        ],
        "message": "You received a new booking",
        "is_read": true,
        "related_booking": 11,
        "created_at": "2026-04-10T10:15:33.845Z"
    }
},
{
    "model": "Notfications.notfication",
    "pk": 21,
    "fields": {
        "sender": null,
        "recipient": [
            "Ansil"
        ],
        "message": "Your booking has been placed",
        "is_read": true,
        "related_booking": 12,
        "created_at": "2026-04-11T08:32:23.776Z"
    }
},
{
    "model": "Notfications.notfication",
    "pk": 22,
    "fields": {
        "sender": null,
        "recipient": [
            "rahul_menon02"
        ],
        "message": "You received a new booking",
        "is_read": true,
        "related_booking": 12,
        "created_at": "2026-04-11T08:32:23.781Z"
    }
},
{
    "model": "Notfications.notfication",
    "pk": 23,
    "fields": {
        "sender": null,
        "recipient": [
            "Ansil"
        ],
        "message": "Your booking is accepted",
        "is_read": true,
        "related_booking": 11,
        "created_at": "2026-04-11T08:36:17.174Z"
    }
},
{
    "model": "Notfications.notfication",
    "pk": 24,
    "fields": {
        "sender": null,
        "recipient": [
            "Ansil"
        ],
        "message": "Your booking is accepted",
        "is_read": true,
        "related_booking": 12,
        "created_at": "2026-04-11T08:40:36.646Z"
    }
},
{
    "model": "Notfications.notfication",
    "pk": 25,
    "fields": {
        "sender": null,
        "recipient": [
            "Ansil"
        ],
        "message": "Your service is completed. Bill amount: ₹10000",
        "is_read": true,
        "related_booking": 12,
        "created_at": "2026-04-11T08:41:39.859Z"
    }
},
{
    "model": "Notfications.notfication",
    "pk": 26,
    "fields": {
        "sender": null,
        "recipient": [
            "Ansil"
        ],
        "message": "Your booking has been placed",
        "is_read": true,
        "related_booking": 13,
        "created_at": "2026-04-11T08:58:36.005Z"
    }
},
{
    "model": "Notfications.notfication",
    "pk": 27,
    "fields": {
        "sender": null,
        "recipient": [
            "melvin_thomas31"
        ],
        "message": "You received a new booking",
        "is_read": true,
        "related_booking": 13,
        "created_at": "2026-04-11T08:58:36.010Z"
    }
},
{
    "model": "Notfications.notfication",
    "pk": 28,
    "fields": {
        "sender": [
            "Appu"
        ],
        "recipient": [
            "Ansil"
        ],
        "message": "Your booking has been placed",
        "is_read": true,
        "related_booking": 14,
        "created_at": "2026-04-12T11:02:20.632Z"
    }
},
{
    "model": "Notfications.notfication",
    "pk": 29,
    "fields": {
        "sender": [
            "Ansil"
        ],
        "recipient": [
            "Appu"
        ],
        "message": "You received a new booking",
        "is_read": true,
        "related_booking": 14,
        "created_at": "2026-04-12T11:02:20.644Z"
    }
},
{
    "model": "Notfications.notfication",
    "pk": 30,
    "fields": {
        "sender": [
            "Appu"
        ],
        "recipient": [
            "Ansil"
        ],
        "message": "Your booking has been placed",
        "is_read": true,
        "related_booking": 15,
        "created_at": "2026-04-13T09:19:40.048Z"
    }
},
{
    "model": "Notfications.notfication",
    "pk": 31,
    "fields": {
        "sender": [
            "Ansil"
        ],
        "recipient": [
            "Appu"
        ],
        "message": "You received a new booking",
        "is_read": true,
        "related_booking": 15,
        "created_at": "2026-04-13T09:19:40.054Z"
    }
},
{
    "model": "Notfications.notfication",
    "pk": 32,
    "fields": {
        "sender": [
            "Appu"
        ],
        "recipient": [
            "Ansil"
        ],
        "message": "Your booking has been placed",
        "is_read": true,
        "related_booking": 16,
        "created_at": "2026-04-14T07:04:35.931Z"
    }
},
{
    "model": "Notfications.notfication",
    "pk": 33,
    "fields": {
        "sender": [
            "Ansil"
        ],
        "recipient": [
            "Appu"
        ],
        "message": "You received a new booking",
        "is_read": true,
        "related_booking": 16,
        "created_at": "2026-04-14T07:04:35.934Z"
    }
},
{
    "model": "Notfications.notfication",
    "pk": 34,
    "fields": {
        "sender": [
            "Appu"
        ],
        "recipient": [
            "Ansil"
        ],
        "message": "Your booking has been placed",
        "is_read": true,
        "related_booking": 17,
        "created_at": "2026-04-14T07:06:18.941Z"
    }
},
{
    "model": "Notfications.notfication",
    "pk": 35,
    "fields": {
        "sender": [
            "Ansil"
        ],
        "recipient": [
            "Appu"
        ],
        "message": "You received a new booking",
        "is_read": true,
        "related_booking": 17,
        "created_at": "2026-04-14T07:06:18.944Z"
    }
},
{
    "model": "Notfications.notfication",
    "pk": 36,
    "fields": {
        "sender": [
            "Appu"
        ],
        "recipient": [
            "Ansil"
        ],
        "message": "Your booking has been placed",
        "is_read": true,
        "related_booking": 18,
        "created_at": "2026-04-14T07:12:44.317Z"
    }
},
{
    "model": "Notfications.notfication",
    "pk": 37,
    "fields": {
        "sender": [
            "Ansil"
        ],
        "recipient": [
            "Appu"
        ],
        "message": "You received a new booking",
        "is_read": true,
        "related_booking": 18,
        "created_at": "2026-04-14T07:12:44.320Z"
    }
},
{
    "model": "Notfications.notfication",
    "pk": 38,
    "fields": {
        "sender": [
            "Appu"
        ],
        "recipient": [
            "Ansil"
        ],
        "message": "Your booking has been placed",
        "is_read": true,
        "related_booking": 19,
        "created_at": "2026-04-14T07:13:08.700Z"
    }
},
{
    "model": "Notfications.notfication",
    "pk": 39,
    "fields": {
        "sender": [
            "Ansil"
        ],
        "recipient": [
            "Appu"
        ],
        "message": "You received a new booking",
        "is_read": true,
        "related_booking": 19,
        "created_at": "2026-04-14T07:13:08.702Z"
    }
},
{
    "model": "Notfications.notfication",
    "pk": 40,
    "fields": {
        "sender": [
            "Appu"
        ],
        "recipient": [
            "Ansil"
        ],
        "message": "Your booking has been placed",
        "is_read": true,
        "related_booking": 20,
        "created_at": "2026-04-14T08:03:38.825Z"
    }
},
{
    "model": "Notfications.notfication",
    "pk": 41,
    "fields": {
        "sender": [
            "Ansil"
        ],
        "recipient": [
            "Appu"
        ],
        "message": "You received a new booking",
        "is_read": true,
        "related_booking": 20,
        "created_at": "2026-04-14T08:03:38.828Z"
    }
},
{
    "model": "Notfications.notfication",
    "pk": 42,
    "fields": {
        "sender": [
            "Appu"
        ],
        "recipient": [
            "Ansil"
        ],
        "message": "Your booking has been placed",
        "is_read": true,
        "related_booking": 21,
        "created_at": "2026-04-14T08:05:08.983Z"
    }
},
{
    "model": "Notfications.notfication",
    "pk": 43,
    "fields": {
        "sender": [
            "Ansil"
        ],
        "recipient": [
            "Appu"
        ],
        "message": "You received a new booking",
        "is_read": true,
        "related_booking": 21,
        "created_at": "2026-04-14T08:05:08.986Z"
    }
},
{
    "model": "Notfications.notfication",
    "pk": 44,
    "fields": {
        "sender": [
            "Appu"
        ],
        "recipient": [
            "Ansil"
        ],
        "message": "Your booking has been placed",
        "is_read": true,
        "related_booking": 22,
        "created_at": "2026-04-14T10:58:40.019Z"
    }
},
{
    "model": "Notfications.notfication",
    "pk": 45,
    "fields": {
        "sender": [
            "Ansil"
        ],
        "recipient": [
            "Appu"
        ],
        "message": "You received a new booking",
        "is_read": true,
        "related_booking": 22,
        "created_at": "2026-04-14T10:58:40.028Z"
    }
},
{
    "model": "Notfications.notfication",
    "pk": 46,
    "fields": {
        "sender": [
            "Appu"
        ],
        "recipient": [
            "Ansil"
        ],
        "message": "Your booking has been placed",
        "is_read": true,
        "related_booking": 23,
        "created_at": "2026-04-14T10:59:45.577Z"
    }
},
{
    "model": "Notfications.notfication",
    "pk": 47,
    "fields": {
        "sender": [
            "Ansil"
        ],
        "recipient": [
            "Appu"
        ],
        "message": "You received a new booking",
        "is_read": true,
        "related_booking": 23,
        "created_at": "2026-04-14T10:59:45.587Z"
    }
},
{
    "model": "Notfications.notfication",
    "pk": 48,
    "fields": {
        "sender": [
            "Appu"
        ],
        "recipient": [
            "Ansil"
        ],
        "message": "Your booking has been placed",
        "is_read": true,
        "related_booking": 24,
        "created_at": "2026-04-14T11:00:40.053Z"
    }
},
{
    "model": "Notfications.notfication",
    "pk": 49,
    "fields": {
        "sender": [
            "Ansil"
        ],
        "recipient": [
            "Appu"
        ],
        "message": "You received a new booking",
        "is_read": true,
        "related_booking": 24,
        "created_at": "2026-04-14T11:00:40.060Z"
    }
},
{
    "model": "Notfications.notfication",
    "pk": 50,
    "fields": {
        "sender": [
            "Appu"
        ],
        "recipient": [
            "Ansil"
        ],
        "message": "Your booking has been placed",
        "is_read": true,
        "related_booking": 25,
        "created_at": "2026-04-14T11:25:29.748Z"
    }
},
{
    "model": "Notfications.notfication",
    "pk": 51,
    "fields": {
        "sender": [
            "Ansil"
        ],
        "recipient": [
            "Appu"
        ],
        "message": "You received a new booking",
        "is_read": true,
        "related_booking": 25,
        "created_at": "2026-04-14T11:25:29.755Z"
    }
},
{
    "model": "Notfications.notfication",
    "pk": 52,
    "fields": {
        "sender": [
            "Appu"
        ],
        "recipient": [
            "Ansil"
        ],
        "message": "Your booking has been placed",
        "is_read": true,
        "related_booking": 26,
        "created_at": "2026-04-14T11:47:03.542Z"
    }
},
{
    "model": "Notfications.notfication",
    "pk": 53,
    "fields": {
        "sender": [
            "Ansil"
        ],
        "recipient": [
            "Appu"
        ],
        "message": "You received a new booking",
        "is_read": true,
        "related_booking": 26,
        "created_at": "2026-04-14T11:47:03.553Z"
    }
},
{
    "model": "Notfications.notfication",
    "pk": 54,
    "fields": {
        "sender": [
            "Appu"
        ],
        "recipient": [
            "Ansil"
        ],
        "message": "Your booking has been placed",
        "is_read": true,
        "related_booking": 27,
        "created_at": "2026-04-14T11:49:42.186Z"
    }
},
{
    "model": "Notfications.notfication",
    "pk": 55,
    "fields": {
        "sender": [
            "Ansil"
        ],
        "recipient": [
            "Appu"
        ],
        "message": "You received a new booking",
        "is_read": true,
        "related_booking": 27,
        "created_at": "2026-04-14T11:49:42.191Z"
    }
},
{
    "model": "Notfications.notfication",
    "pk": 56,
    "fields": {
        "sender": [
            "Appu"
        ],
        "recipient": [
            "Ansil"
        ],
        "message": "Your booking has been placed",
        "is_read": true,
        "related_booking": 28,
        "created_at": "2026-04-14T12:03:07.225Z"
    }
},
{
    "model": "Notfications.notfication",
    "pk": 57,
    "fields": {
        "sender": [
            "Ansil"
        ],
        "recipient": [
            "Appu"
        ],
        "message": "You received a new booking",
        "is_read": true,
        "related_booking": 28,
        "created_at": "2026-04-14T12:03:07.231Z"
    }
},
{
    "model": "Notfications.notfication",
    "pk": 58,
    "fields": {
        "sender": [
            "Appu"
        ],
        "recipient": [
            "Ansil"
        ],
        "message": "Your booking has been placed",
        "is_read": true,
        "related_booking": 29,
        "created_at": "2026-04-14T12:05:06.624Z"
    }
},
{
    "model": "Notfications.notfication",
    "pk": 59,
    "fields": {
        "sender": [
            "Ansil"
        ],
        "recipient": [
            "Appu"
        ],
        "message": "You received a new booking",
        "is_read": true,
        "related_booking": 29,
        "created_at": "2026-04-14T12:05:06.630Z"
    }
},
{
    "model": "Notfications.notfication",
    "pk": 60,
    "fields": {
        "sender": [
            "Appu"
        ],
        "recipient": [
            "Ansil"
        ],
        "message": "Your booking has been placed",
        "is_read": true,
        "related_booking": 30,
        "created_at": "2026-04-14T12:06:54.021Z"
    }
},
{
    "model": "Notfications.notfication",
    "pk": 61,
    "fields": {
        "sender": [
            "Ansil"
        ],
        "recipient": [
            "Appu"
        ],
        "message": "You received a new booking",
        "is_read": true,
        "related_booking": 30,
        "created_at": "2026-04-14T12:06:54.031Z"
    }
},
{
    "model": "Notfications.notfication",
    "pk": 62,
    "fields": {
        "sender": [
            "vignesh_nair36"
        ],
        "recipient": [
            "Appu"
        ],
        "message": "Your booking has been placed",
        "is_read": true,
        "related_booking": 31,
        "created_at": "2026-04-17T11:18:53.898Z"
    }
},
{
    "model": "Notfications.notfication",
    "pk": 63,
    "fields": {
        "sender": [
            "Appu"
        ],
        "recipient": [
            "vignesh_nair36"
        ],
        "message": "You received a new booking",
        "is_read": false,
        "related_booking": 31,
        "created_at": "2026-04-17T11:18:53.921Z"
    }
},
{
    "model": "Notfications.notfication",
    "pk": 64,
    "fields": {
        "sender": [
            "Appu"
        ],
        "recipient": [
            "Ansil"
        ],
        "message": "Your booking has been placed",
        "is_read": true,
        "related_booking": 32,
        "created_at": "2026-04-18T11:22:01.639Z"
    }
},
{
    "model": "Notfications.notfication",
    "pk": 65,
    "fields": {
        "sender": [
            "Ansil"
        ],
        "recipient": [
            "Appu"
        ],
        "message": "You received a new booking",
        "is_read": true,
        "related_booking": 32,
        "created_at": "2026-04-18T11:22:01.676Z"
    }
},
{
    "model": "sites.site",
    "fields": {
        "domain": "example.com",
        "name": "example.com"
    }
}
]
